Distance_(microns),Value,X1,Y1,X2,Y2,X3,Y3,X4,Y4,X5,Y5,X6,Y6,X7,Y7,X8,Y8,X9,Y9,X10,Y10,X11,Y11,X12,Y12,X13,Y13,X14,Y14,X15,Y15,X16,Y16,X17,Y17,X18,Y18,X19,Y19,X20,Y20,X21,Y21,X22,Y22,X23,Y23,X24,Y24,X25,Y25,X26,Y26,X27,Y27,X28,Y28,X29,Y29,X30,Y30,X31,Y31,X32,Y32,X33,Y33,X34,Y34,X35,Y35,X36,Y36,X37,Y37,X38,Y38,X39,Y39,X40,Y40,X41,Y41,X42,Y42,X43,Y43,X44,Y44,X45,Y45,X46,Y46,X47,Y47,X48,Y48,X49,Y49,X50,Y50,X51,Y51,X52,Y52,X53,Y53,X54,Y54,X55,Y55,X56,Y56,X57,Y57,X58,Y58,X59,Y59,X60,Y60,X61,Y61,X62,Y62,X63,Y63,X64,Y64,X65,Y65,X66,Y66,X67,Y67,X68,Y68,X69,Y69,X70,Y70,X71,Y71,X72,Y72,X73,Y73,X74,Y74,X75,Y75,X76,Y76,X77,Y77,X78,Y78,X79,Y79,X80,Y80,X81,Y81,X82,Y82,X83,Y83,X84,Y84,X85,Y85,X86,Y86,X87,Y87,X88,Y88,X89,Y89,X90,Y90,X91,Y91,X92,Y92,X93,Y93,X94,Y94,X95,Y95
0.00000,749.174,0.000000,4.249,0.00000,603.446,0.00000,7.545,0.00000,2.803,0.00000,436.673,0.00000,1.606,0.00000,0.000,0.00000,201.036,0.00000,146.571,0.00000,194.667,0.00000,154.514,0.00000,0.746,0.00000,153.654,0.00000,142.498,0.000000,238.211,0.00000,267.839,0.00000,14.862,0.00000,50.895,0.00000,137.108,0.00000,267.661,0.00000,171.386,0.00000,0.000,0.00000,333.103,0.00000,305.167,0.00000,187.450,0.00000,433.478,0.00000,16.670,0.00000,136.489,0.00000,162.021,0.00000,430.072,0.00000,293.998,0.00000,322.327,0.00000,94.236,0.00000,594.124,0.00000,126.045,0.000000,4.877,0.000000,165.400,0.00000,649.709,0.00000,1.285,0.00000,367.267,0.00000,293.565,0.00000,142.944,0.00000,98.637,0.00000,176.613,0.00000,0.000,0.000000,346.051,0.00000,47.499,0.00000,102.865,0.000000,150.823,0.00000,60.055,0.00000,299.881,0.00000,388.488,0.00000,62.549,0.00000,311.418,0.00000,24.145,0.00000,221.312,0.00000,0.017,0.00000,485.133,0.000000,77.083,0.00000,67.592,0.00000,47.870,0.00000,143.115,0.00000,29.652,0.00000,236.097,0.00000,263.671,0.00000,231.833,0.00000,298.559,0.00000,0.239,0.00000,448.885,0.00000,106.822,0.00000,443.204,0.00000,411.222,0.000000,16.985,0.00000,397.200,0.00000,97.389,0.00000,434.771,0.00000,173.223,0.00000,57.247,0.00000,57.866,0.000000,25.583,0.00000,42.672,0.00000,79.240,0.00000,87.835,0.00000,155.171,0.00000,105.228,0.00000,133.909,0.00000,17.072,0.00000,33.096,0.000000,140.190,0.00000,134.403,0.000000,21.305,0.00000,3.680,0.000000,149.357,0.00000,169.495,0.00000,70.949
0.03224,241.488,0.032242,69.273,0.03224,733.731,0.03224,8.702,0.03224,0.000,0.03224,584.527,0.03224,8.007,0.03224,0.601,0.03224,155.083,0.03224,165.309,0.03224,139.498,0.03224,184.330,0.03224,14.743,0.03224,102.233,0.03224,209.303,0.032242,239.101,0.03224,412.454,0.03224,17.175,0.03224,38.546,0.03224,218.888,0.03224,365.178,0.03224,252.348,0.03224,1.786,0.03224,213.612,0.03224,277.184,0.03224,187.638,0.03224,419.743,0.03224,60.542,0.03224,180.268,0.03224,165.318,0.03224,223.930,0.03224,279.596,0.03224,435.346,0.03224,102.892,0.03224,636.793,0.03224,156.801,0.032242,76.128,0.032242,88.400,0.03224,708.720,0.03224,25.193,0.03224,396.934,0.03224,302.951,0.03224,73.701,0.03224,90.701,0.03224,71.248,0.03224,0.000,0.032242,476.539,0.03224,5.496,0.03224,71.747,0.032242,231.505,0.03224,56.501,0.03224,295.380,0.03224,451.308,0.03224,43.621,0.03224,243.341,0.03224,18.998,0.03224,215.366,0.03224,6.550,0.03224,556.867,0.032242,97.459,0.03224,97.077,0.03224,29.070,0.03224,134.011,0.03224,12.336,0.03224,147.309,0.03224,297.188,0.03224,133.200,0.03224,343.236,0.03224,15.677,0.03224,90.154,0.03224,116.511,0.03224,404.049,0.03224,288.648,0.032242,20.388,0.03224,394.800,0.03224,88.043,0.03224,486.601,0.03224,140.890,0.03224,65.663,0.03224,103.305,0.032242,19.933,0.03224,7.760,0.03224,95.790,0.03224,63.011,0.03224,212.748,0.03224,93.481,0.03224,181.874,0.03224,18.802,0.03224,69.552,0.032242,103.204,0.03224,182.079,0.032242,22.688,0.03224,1.148,0.032242,246.865,0.03224,159.301,0.03224,62.586
0.06448,86.739,0.064484,211.233,0.06448,814.156,0.06448,10.378,0.06448,0.000,0.06448,689.418,0.06448,79.971,0.06448,24.329,0.06448,123.562,0.06448,132.603,0.06448,48.607,0.06448,195.679,0.06448,41.349,0.06448,80.881,0.06448,247.141,0.064484,232.562,0.06448,442.428,0.06448,53.734,0.06448,33.562,0.06448,266.366,0.06448,410.719,0.06448,347.880,0.06448,22.024,0.06448,133.751,0.06448,262.020,0.06448,152.000,0.06448,388.017,0.06448,99.533,0.06448,214.528,0.06448,141.678,0.06448,124.460,0.06448,237.057,0.06448,603.498,0.06448,85.716,0.06448,628.549,0.06448,180.694,0.064484,192.377,0.064484,55.767,0.06448,692.604,0.06448,122.280,0.06448,506.056,0.06448,280.320,0.06448,116.697,0.06448,97.489,0.06448,10.555,0.06448,16.814,0.064484,584.488,0.06448,4.401,0.06448,78.836,0.064484,271.971,0.06448,39.783,0.06448,287.693,0.06448,504.718,0.06448,25.927,0.06448,196.118,0.06448,87.856,0.06448,179.461,0.06448,18.112,0.06448,538.133,0.064484,90.595,0.06448,94.013,0.06448,19.508,0.06448,156.922,0.06448,0.564,0.06448,40.009,0.06448,370.105,0.06448,123.733,0.06448,375.637,0.06448,73.973,0.06448,31.450,0.06448,113.519,0.06448,384.697,0.06448,151.010,0.064484,17.498,0.06448,309.267,0.06448,138.636,0.06448,500.262,0.06448,79.059,0.06448,94.036,0.06448,120.942,0.064484,34.333,0.06448,0.102,0.06448,145.131,0.06448,64.643,0.06448,206.614,0.06448,87.061,0.06448,181.301,0.06448,9.060,0.06448,110.052,0.064484,91.134,0.06448,212.420,0.064484,21.670,0.06448,2.808,0.064484,290.971,0.06448,150.165,0.06448,63.969
0.09673,89.495,0.096726,332.661,0.09673,868.245,0.09673,61.161,0.09673,0.000,0.09673,748.489,0.09673,169.733,0.09673,110.764,0.09673,113.709,0.09673,79.180,0.09673,3.679,0.09673,212.981,0.09673,53.501,0.09673,53.226,0.09673,232.225,0.096726,217.033,0.09673,365.451,0.09673,130.569,0.09673,19.025,0.09673,233.900,0.09673,412.590,0.09673,401.923,0.09673,91.368,0.09673,101.358,0.09673,284.296,0.09673,166.122,0.09673,363.346,0.09673,154.729,0.09673,273.779,0.09673,111.643,0.09673,88.960,0.09673,167.851,0.09673,767.442,0.09673,63.520,0.09673,533.445,0.09673,204.202,0.096726,289.003,0.096726,78.400,0.09673,580.321,0.09673,291.373,0.09673,685.052,0.09673,247.595,0.09673,391.264,0.09673,117.737,0.09673,3.784,0.09673,122.017,0.096726,598.528,0.09673,53.397,0.09673,64.373,0.096726,235.854,0.09673,26.897,0.09673,304.561,0.09673,490.213,0.09673,27.205,0.09673,192.546,0.09673,188.528,0.09673,138.786,0.09673,30.539,0.09673,422.767,0.096726,59.693,0.09673,88.904,0.09673,5.805,0.09673,175.481,0.09673,0.000,0.09673,12.368,0.09673,437.293,0.09673,174.133,0.09673,373.584,0.09673,125.379,0.09673,40.699,0.09673,105.390,0.09673,360.765,0.09673,45.671,0.096726,4.901,0.09673,143.400,0.09673,194.134,0.09673,478.165,0.09673,36.736,0.09673,121.621,0.09673,66.067,0.096726,62.500,0.09673,8.948,0.09673,182.443,0.09673,109.253,0.09673,140.466,0.09673,87.235,0.09673,127.349,0.09673,96.815,0.09673,127.916,0.096726,94.012,0.09673,197.906,0.096726,12.458,0.09673,24.758,0.096726,251.706,0.09673,144.568,0.09673,116.982
0.12897,78.001,0.128968,400.239,0.12897,918.598,0.12897,218.387,0.12897,1.607,0.12897,777.245,0.12897,243.693,0.12897,180.688,0.12897,119.594,0.12897,69.146,0.12897,0.000,0.12897,244.161,0.12897,118.883,0.12897,25.893,0.12897,189.583,0.128968,183.866,0.12897,248.042,0.12897,189.230,0.12897,5.515,0.12897,148.228,0.12897,398.787,0.12897,383.805,0.12897,216.903,0.12897,111.245,0.12897,338.768,0.12897,254.509,0.12897,359.328,0.12897,255.638,0.12897,364.300,0.12897,60.180,0.12897,46.522,0.12897,93.022,0.12897,826.417,0.12897,109.704,0.12897,371.524,0.12897,214.763,0.128968,313.102,0.128968,90.033,0.12897,379.754,0.12897,477.807,0.12897,908.198,0.12897,210.019,0.12897,1061.887,0.12897,135.905,0.12897,20.586,0.12897,225.686,0.128968,505.631,0.12897,187.657,0.12897,54.722,0.128968,132.029,0.12897,10.374,0.12897,356.564,0.12897,413.754,0.12897,23.077,0.12897,186.864,0.12897,265.668,0.12897,106.647,0.12897,52.354,0.12897,268.500,0.128968,35.615,0.12897,139.758,0.12897,5.891,0.12897,138.222,0.12897,0.000,0.12897,75.934,0.12897,459.094,0.12897,242.667,0.12897,331.269,0.12897,136.840,0.12897,22.049,0.12897,114.016,0.12897,349.547,0.12897,5.475,0.128968,0.072,0.12897,13.300,0.12897,218.131,0.12897,421.582,0.12897,55.065,0.12897,143.045,0.12897,10.124,0.128968,34.750,0.12897,78.933,0.12897,207.533,0.12897,197.087,0.12897,46.509,0.12897,94.872,0.12897,76.932,0.12897,261.632,0.12897,143.422,0.128968,77.960,0.12897,154.619,0.128968,5.024,0.12897,54.849,0.128968,174.188,0.12897,149.176,0.12897,233.572
0.16121,45.685,0.161210,409.376,0.16121,950.032,0.16121,343.268,0.16121,21.031,0.16121,790.028,0.16121,290.726,0.16121,172.899,0.16121,117.219,0.16121,86.115,0.16121,0.000,0.16121,300.569,0.16121,283.144,0.16121,14.767,0.16121,165.512,0.161210,129.510,0.16121,190.177,0.16121,200.130,0.16121,0.000,0.16121,86.788,0.16121,348.261,0.16121,326.380,0.16121,361.332,0.16121,152.932,0.16121,399.085,0.16121,440.614,0.16121,392.260,0.16121,409.396,0.16121,469.536,0.16121,18.655,0.16121,12.592,0.16121,54.566,0.16121,767.901,0.16121,209.568,0.16121,226.297,0.16121,235.088,0.161210,266.438,0.161210,110.433,0.16121,162.260,0.16121,607.948,0.16121,1166.296,0.16121,185.286,0.16121,2057.990,0.16121,122.648,0.16121,68.825,0.16121,292.040,0.161210,355.367,0.16121,422.416,0.16121,124.934,0.161210,38.273,0.16121,0.315,0.16121,438.918,0.16121,312.608,0.16121,11.721,0.16121,144.216,0.16121,291.547,0.16121,86.468,0.16121,63.224,0.16121,197.000,0.161210,78.853,0.16121,192.412,0.16121,10.201,0.16121,68.690,0.16121,0.000,0.16121,249.441,0.16121,453.094,0.16121,280.667,0.16121,279.010,0.16121,105.483,0.16121,3.313,0.16121,178.776,0.16121,311.950,0.16121,20.428,0.161210,2.777,0.16121,0.000,0.16121,216.920,0.16121,353.421,0.16121,111.692,0.16121,153.083,0.16121,0.000,0.161210,9.650,0.16121,192.880,0.16121,229.430,0.16121,337.464,0.16121,15.457,0.16121,83.485,0.16121,68.607,0.16121,459.434,0.16121,160.837,0.161210,51.424,0.16121,112.400,0.161210,2.951,0.16121,86.297,0.161210,80.885,0.16121,170.557,0.16121,402.387
0.19345,8.778,0.193452,371.749,0.19345,920.576,0.19345,417.384,0.19345,102.716,0.19345,783.687,0.19345,316.141,0.19345,122.397,0.19345,113.699,0.19345,79.672,0.19345,0.000,0.19345,367.542,0.19345,458.832,0.19345,41.204,0.19345,216.211,0.193452,71.699,0.19345,228.240,0.19345,149.640,0.19345,0.770,0.19345,107.075,0.19345,284.250,0.19345,289.645,0.19345,455.769,0.19345,234.025,0.19345,401.945,0.19345,764.483,0.19345,433.562,0.19345,569.663,0.19345,552.613,0.19345,11.076,0.19345,0.625,0.19345,42.082,0.19345,594.596,0.19345,303.562,0.19345,104.746,0.19345,276.664,0.193452,228.842,0.193452,148.800,0.19345,24.286,0.19345,661.999,0.19345,1334.227,0.19345,150.233,0.19345,2981.173,0.19345,63.614,0.19345,150.862,0.19345,315.764,0.193452,241.922,0.19345,834.293,0.19345,367.172,0.193452,1.005,0.19345,0.000,0.19345,523.011,0.19345,246.900,0.19345,1.465,0.19345,97.446,0.19345,270.027,0.19345,84.543,0.19345,71.949,0.19345,215.800,0.193452,125.102,0.19345,242.103,0.19345,7.063,0.19345,23.527,0.19345,0.000,0.19345,571.737,0.19345,473.871,0.19345,275.400,0.19345,226.659,0.19345,57.180,0.19345,14.969,0.19345,368.574,0.19345,253.660,0.19345,36.896,0.193452,54.037,0.19345,0.000,0.19345,216.892,0.19345,308.010,0.19345,214.129,0.19345,111.559,0.19345,0.000,0.193452,5.233,0.19345,230.580,0.19345,229.883,0.19345,454.428,0.19345,17.748,0.19345,52.215,0.19345,107.844,0.19345,633.165,0.19345,180.024,0.193452,24.216,0.19345,56.803,0.193452,11.775,0.19345,129.199,0.193452,13.634,0.19345,193.148,0.19345,574.437
0.22569,1.558,0.225694,307.790,0.22569,790.805,0.22569,465.872,0.22569,192.764,0.22569,767.778,0.22569,345.277,0.22569,98.874,0.22569,101.403,0.22569,69.046,0.22569,0.000,0.22569,410.785,0.22569,605.012,0.22569,143.425,0.22569,301.464,0.225694,35.508,0.22569,316.069,0.22569,87.285,0.22569,27.143,0.22569,222.517,0.22569,222.431,0.22569,274.329,0.22569,467.030,0.22569,374.624,0.22569,326.705,0.22569,1221.160,0.22569,444.565,0.22569,675.673,0.22569,587.734,0.22569,11.710,0.22569,7.387,0.22569,13.277,0.22569,403.718,0.22569,351.114,0.22569,29.891,0.22569,342.293,0.225694,201.764,0.225694,197.200,0.22569,0.206,0.22569,644.120,0.22569,1364.360,0.22569,110.647,0.22569,3571.926,0.22569,11.407,0.22569,265.103,0.22569,316.414,0.225694,211.674,0.22569,1368.603,0.22569,976.348,0.225694,0.000,0.22569,0.000,0.22569,566.608,0.22569,215.349,0.22569,0.000,0.22569,131.637,0.22569,238.194,0.22569,120.798,0.22569,79.342,0.22569,270.300,0.225694,138.499,0.22569,265.138,0.22569,1.747,0.22569,2.802,0.22569,0.000,0.22569,1036.859,0.22569,571.929,0.22569,248.767,0.22569,159.517,0.22569,39.029,0.22569,31.530,0.22569,662.780,0.22569,220.030,0.22569,35.516,0.225694,241.857,0.22569,0.000,0.22569,215.767,0.22569,276.549,0.22569,330.316,0.22569,43.397,0.22569,0.000,0.225694,0.567,0.22569,195.183,0.22569,210.028,0.22569,502.201,0.22569,24.558,0.22569,26.922,0.22569,161.871,0.22569,747.238,0.22569,208.076,0.225694,15.452,0.22569,19.922,0.225694,53.090,0.22569,163.154,0.225694,9.722,0.22569,205.638,0.22569,691.105
0.25794,21.488,0.257937,240.389,0.25794,565.014,0.25794,534.561,0.25794,266.151,0.25794,764.177,0.25794,372.337,0.25794,140.512,0.25794,82.130,0.25794,95.237,0.25794,0.000,0.25794,422.628,0.25794,657.695,0.25794,242.633,0.25794,363.953,0.257937,36.795,0.25794,423.467,0.25794,52.707,0.25794,106.851,0.25794,372.233,0.25794,182.063,0.25794,296.277,0.25794,439.552,0.25794,601.033,0.25794,218.458,0.25794,1663.894,0.25794,402.119,0.25794,718.222,0.25794,574.744,0.25794,28.324,0.25794,165.332,0.25794,0.567,0.25794,252.228,0.25794,353.249,0.25794,39.175,0.25794,401.627,0.257937,193.546,0.257937,239.400,0.25794,41.427,0.25794,590.593,0.25794,1283.333,0.25794,80.347,0.25794,3688.983,0.25794,0.000,0.25794,368.464,0.25794,327.867,0.257937,212.044,0.25794,1922.340,0.25794,2091.126,0.257937,0.000,0.25794,0.000,0.25794,553.012,0.25794,190.520,0.25794,0.000,0.25794,223.922,0.25794,233.258,0.25794,159.190,0.25794,56.434,0.25794,306.633,0.257937,136.908,0.25794,250.852,0.25794,0.305,0.25794,0.000,0.25794,0.000,0.25794,1586.324,0.25794,757.228,0.25794,210.333,0.25794,99.710,0.25794,56.776,0.25794,32.747,0.25794,966.082,0.25794,299.033,0.25794,21.514,0.257937,605.133,0.25794,0.000,0.25794,226.746,0.25794,238.810,0.25794,402.227,0.25794,6.078,0.25794,0.000,0.257937,2.067,0.25794,148.756,0.25794,176.609,0.25794,460.637,0.25794,31.797,0.25794,29.887,0.25794,181.191,0.25794,738.974,0.25794,260.435,0.257937,21.957,0.25794,7.376,0.257937,174.589,0.25794,185.147,0.257937,28.062,0.25794,210.104,0.25794,727.145
0.29018,125.112,0.290179,177.447,0.29018,305.011,0.29018,629.131,0.29018,321.670,0.29018,800.086,0.29018,385.434,0.29018,205.368,0.29018,42.278,0.29018,144.680,0.29018,0.000,0.29018,426.158,0.29018,580.250,0.29018,383.242,0.29018,377.869,0.290179,24.751,0.29018,545.656,0.29018,30.347,0.29018,250.867,0.29018,464.978,0.29018,172.165,0.29018,417.318,0.29018,400.437,0.29018,1039.218,0.29018,142.405,0.29018,1933.667,0.29018,324.339,0.29018,673.966,0.29018,516.997,0.29018,38.222,0.29018,726.068,0.29018,0.000,0.29018,156.776,0.29018,309.489,0.29018,150.440,0.29018,401.594,0.290179,224.659,0.290179,235.000,0.29018,315.627,0.29018,543.150,0.29018,1162.608,0.29018,71.337,0.29018,3351.734,0.29018,0.000,0.29018,431.785,0.29018,356.049,0.290179,211.586,0.29018,2294.831,0.29018,3570.936,0.290179,116.483,0.29018,0.000,0.29018,480.231,0.29018,173.769,0.29018,48.381,0.29018,274.874,0.29018,249.372,0.29018,144.433,0.29018,12.539,0.29018,265.367,0.290179,155.816,0.29018,172.041,0.29018,8.674,0.29018,0.000,0.29018,0.000,0.29018,2134.063,0.29018,954.147,0.29018,160.333,0.29018,77.332,0.29018,99.187,0.29018,84.070,0.29018,1202.104,0.29018,552.892,0.29018,28.646,0.290179,1105.210,0.29018,0.000,0.29018,249.321,0.29018,185.761,0.29018,387.971,0.29018,0.234,0.29018,0.060,0.290179,18.000,0.29018,108.219,0.29018,141.189,0.29018,347.990,0.29018,44.326,0.29018,29.062,0.29018,147.186,0.29018,537.080,0.29018,300.920,0.290179,39.340,0.29018,21.757,0.290179,518.110,0.29018,184.941,0.290179,59.265,0.29018,220.291,0.29018,688.114
0.32242,436.740,0.322421,144.534,0.32242,122.270,0.32242,705.229,0.32242,389.980,0.32242,867.995,0.32242,381.911,0.32242,282.463,0.32242,12.095,0.32242,175.208,0.32242,28.686,0.32242,470.409,0.32242,416.976,0.32242,460.353,0.32242,364.692,0.322421,4.596,0.32242,670.041,0.32242,22.268,0.32242,354.489,0.32242,456.800,0.32242,175.266,0.32242,646.718,0.32242,376.590,0.32242,1762.557,0.32242,99.978,0.32242,1950.438,0.32242,246.131,0.32242,544.032,0.32242,430.804,0.32242,26.649,0.32242,1740.100,0.32242,10.344,0.32242,92.927,0.32242,256.965,0.32242,455.103,0.32242,310.224,0.322421,329.655,0.322421,192.400,0.32242,984.418,0.32242,534.794,0.32242,1007.063,0.32242,131.126,0.32242,2676.407,0.32242,0.000,0.32242,504.407,0.32242,374.534,0.322421,190.814,0.32242,2470.995,0.32242,4892.658,0.322421,824.130,0.32242,2.462,0.32242,377.528,0.32242,169.088,0.32242,266.337,0.32242,246.367,0.32242,295.929,0.32242,76.028,0.32242,0.466,0.32242,155.267,0.322421,185.276,0.32242,85.763,0.32242,188.912,0.32242,0.000,0.32242,3.185,0.32242,2535.477,0.32242,1086.722,0.32242,135.267,0.32242,73.645,0.32242,140.015,0.32242,166.172,0.32242,1354.410,0.32242,782.977,0.32242,64.544,0.322421,1631.157,0.32242,0.000,0.32242,255.218,0.32242,125.540,0.32242,294.196,0.32242,0.000,0.32242,82.955,0.322421,73.167,0.32242,107.620,0.32242,96.292,0.32242,168.479,0.32242,65.217,0.32242,12.606,0.32242,157.406,0.32242,204.162,0.32242,308.347,0.322421,87.243,0.32242,33.497,0.322421,1179.522,0.32242,144.328,0.322421,103.613,0.32242,237.133,0.32242,649.200
0.35466,927.926,0.354663,109.406,0.35466,77.621,0.35466,727.657,0.35466,506.479,0.35466,910.612,0.35466,351.466,0.35466,391.123,0.35466,43.026,0.35466,151.166,0.35466,398.881,0.35466,600.870,0.35466,248.185,0.35466,371.328,0.35466,348.186,0.354663,0.051,0.35466,775.580,0.35466,11.933,0.35466,397.534,0.35466,362.477,0.35466,150.625,0.35466,954.930,0.35466,333.583,0.35466,2814.394,0.35466,141.739,0.35466,1714.255,0.35466,202.849,0.35466,374.549,0.35466,340.152,0.35466,12.858,0.35466,2912.309,0.35466,146.512,0.35466,41.473,0.35466,241.097,0.35466,950.893,0.35466,170.801,0.354663,448.453,0.354663,146.000,0.35466,1932.276,0.35466,550.691,0.35466,806.454,0.35466,352.564,0.35466,1880.073,0.35466,0.000,0.35466,714.549,0.35466,361.767,0.354663,141.167,0.35466,2321.766,0.35466,5577.525,0.354663,2472.546,0.35466,62.606,0.35466,282.095,0.35466,171.900,0.35466,609.371,0.35466,163.373,0.35466,352.089,0.35466,12.293,0.35466,0.000,0.35466,81.867,0.354663,210.762,0.35466,21.870,0.35466,683.981,0.35466,0.000,0.35466,213.723,0.35466,2637.678,0.35466,1126.880,0.35466,269.400,0.35466,85.277,0.35466,163.268,0.35466,180.063,0.35466,1432.451,0.35466,864.589,0.35466,88.616,0.354663,2066.325,0.35466,0.000,0.35466,229.071,0.35466,83.800,0.35466,158.071,0.35466,3.813,0.35466,757.497,0.354663,502.783,0.35466,164.319,0.35466,65.999,0.35466,25.460,0.35466,86.235,0.35466,19.408,0.35466,211.056,0.35466,55.070,0.35466,283.459,0.354663,216.039,0.35466,41.643,0.354663,2307.895,0.35466,111.178,0.354663,121.472,0.35466,256.560,0.35466,624.623
0.38690,1741.978,0.386905,59.406,0.38690,413.790,0.38690,808.204,0.38690,616.837,0.38690,857.933,0.38690,301.085,0.38690,541.640,0.38690,82.047,0.38690,79.529,0.38690,1761.653,0.38690,787.224,0.38690,100.424,0.38690,201.830,0.38690,344.359,0.386905,28.938,0.38690,805.879,0.38690,10.833,0.38690,394.692,0.38690,265.016,0.38690,76.169,0.38690,1288.070,0.38690,251.115,0.38690,4006.437,0.38690,289.693,0.38690,1305.414,0.38690,207.147,0.38690,211.088,0.38690,279.558,0.38690,28.961,0.38690,3953.017,0.38690,557.332,0.38690,3.552,0.38690,251.728,0.38690,1550.626,0.38690,73.940,0.386905,506.097,0.386905,103.200,0.38690,2963.187,0.38690,542.994,0.38690,571.332,0.38690,895.611,0.38690,1128.611,0.38690,73.295,0.38690,1455.682,0.38690,307.524,0.386905,92.579,0.38690,1950.850,0.38690,5361.304,0.386905,4894.219,0.38690,286.267,0.38690,235.713,0.38690,177.078,0.38690,963.969,0.38690,56.051,0.38690,401.080,0.38690,0.000,0.38690,0.000,0.38690,47.867,0.386905,207.699,0.38690,2.885,0.38690,1499.841,0.38690,0.000,0.38690,1309.209,0.38690,2358.983,0.38690,1089.796,0.38690,761.700,0.38690,241.453,0.38690,133.023,0.38690,155.186,0.38690,1447.658,0.38690,747.320,0.38690,90.143,0.386905,2326.513,0.38690,168.000,0.38690,175.663,0.38690,88.235,0.38690,45.856,0.38690,6.356,0.38690,1905.084,0.386905,1457.150,0.38690,409.584,0.38690,46.411,0.38690,0.163,0.38690,104.250,0.38690,20.330,0.38690,221.370,0.38690,27.054,0.38690,237.338,0.386905,564.470,0.38690,101.741,0.386905,3812.963,0.38690,118.133,0.386905,113.153,0.38690,281.111,0.38690,585.840
0.41915,2857.351,0.419147,29.072,0.41915,1595.171,0.41915,957.120,0.41915,661.349,0.41915,679.375,0.41915,263.034,0.41915,716.526,0.41915,96.588,0.41915,19.740,0.41915,3910.673,0.41915,949.203,0.41915,18.240,0.41915,72.398,0.41915,336.741,0.419147,272.327,0.41915,736.680,0.41915,11.212,0.41915,345.105,0.41915,237.793,0.41915,21.179,0.41915,1550.588,0.41915,178.298,0.41915,4993.471,0.41915,659.695,0.41915,861.073,0.41915,217.157,0.41915,82.677,0.41915,256.887,0.41915,92.339,0.41915,4602.004,0.41915,1438.744,0.41915,8.114E-4,0.41915,285.377,0.41915,2077.108,0.41915,28.814,0.419147,473.832,0.419147,93.433,0.41915,3717.130,0.41915,492.529,0.41915,354.870,0.41915,1653.373,0.41915,612.408,0.41915,461.810,0.41915,2827.877,0.41915,221.455,0.419147,96.294,0.41915,1404.271,0.41915,4316.580,0.419147,7745.146,0.41915,1010.664,0.41915,224.319,0.41915,201.364,0.41915,1279.172,0.41915,5.664,0.41915,427.074,0.41915,0.000,0.41915,0.000,0.41915,13.667,0.419147,176.999,0.41915,15.389,0.41915,2789.941,0.41915,0.000,0.41915,3350.240,0.41915,1781.989,0.41915,1022.045,0.41915,1452.817,0.41915,652.164,0.41915,86.848,0.41915,126.037,0.41915,1376.085,0.41915,478.431,0.41915,77.983,0.419147,2389.177,0.41915,1900.950,0.41915,104.909,0.41915,163.240,0.41915,5.305,0.41915,2.395,0.41915,3076.827,0.419147,2798.233,0.41915,878.113,0.41915,37.723,0.41915,9.368,0.41915,117.955,0.41915,6.672,0.41915,176.635,0.41915,6.759,0.41915,203.773,0.419147,1080.952,0.41915,216.400,0.419147,5231.852,0.41915,161.041,0.419147,112.958,0.41915,266.943,0.41915,529.695
0.45139,3928.311,0.451389,51.581,0.45139,3678.334,0.45139,1337.490,0.45139,619.884,0.45139,449.655,0.45139,275.548,0.45139,867.437,0.45139,79.844,0.45139,0.210,0.45139,6216.445,0.45139,1008.408,0.45139,0.227,0.45139,36.502,0.45139,297.059,0.451389,839.133,0.45139,552.203,0.45139,6.802,0.45139,272.802,0.45139,271.873,0.45139,0.000,0.45139,1623.542,0.45139,155.546,0.45139,5496.590,0.45139,1227.906,0.45139,494.245,0.45139,247.148,0.45139,21.001,0.45139,289.041,0.45139,178.590,0.45139,4698.833,0.45139,2921.947,0.45139,0.833,0.45139,345.907,0.45139,2387.236,0.45139,3.728,0.451389,370.701,0.451389,203.450,0.45139,3980.274,0.45139,426.941,0.45139,197.297,0.45139,2478.963,0.45139,343.817,0.45139,1279.090,0.45139,4399.567,0.45139,152.772,0.451389,197.736,0.45139,914.993,0.45139,2834.207,0.451389,10364.828,0.45139,2407.572,0.45139,200.773,0.45139,326.161,0.45139,1455.876,0.45139,0.000,0.45139,404.583,0.45139,4.298,0.45139,1.858,0.45139,27.133,0.451389,126.281,0.45139,31.278,0.45139,4347.598,0.45139,39.829,0.45139,5587.802,0.45139,1050.811,0.45139,971.301,0.45139,2094.100,0.45139,1271.403,0.45139,76.675,0.45139,162.396,0.45139,1172.130,0.45139,157.882,0.45139,52.971,0.451389,2278.250,0.45139,5173.150,0.45139,35.220,0.45139,441.871,0.45139,6.184,0.45139,0.000,0.45139,4007.669,0.451389,4141.867,0.45139,1387.444,0.45139,28.936,0.45139,130.199,0.45139,114.135,0.45139,0.000,0.45139,166.221,0.45139,0.034,0.45139,199.695,0.451389,1570.782,0.45139,330.992,0.451389,6073.340,0.45139,217.930,0.451389,192.849,0.45139,195.151,0.45139,413.963
0.48363,4614.143,0.483631,359.614,0.48363,6449.261,0.48363,1725.618,0.48363,524.113,0.48363,300.607,0.48363,287.684,0.48363,964.795,0.48363,54.681,0.48363,0.000,0.48363,8061.625,0.48363,965.256,0.48363,0.000,0.48363,30.937,0.48363,220.642,0.483631,1824.951,0.48363,333.773,0.48363,143.785,0.48363,205.792,0.48363,349.794,0.48363,0.000,0.48363,1434.860,0.48363,168.875,0.48363,5117.959,0.48363,1761.830,0.48363,288.837,0.48363,313.600,0.48363,5.397,0.48363,414.011,0.48363,250.057,0.48363,4206.225,0.48363,4447.816,0.48363,30.929,0.48363,399.496,0.48363,2372.169,0.48363,0.000,0.483631,372.571,0.483631,511.700,0.48363,3602.302,0.48363,370.692,0.48363,89.998,0.48363,3138.689,0.48363,235.437,0.48363,2374.257,0.48363,5769.619,0.48363,125.229,0.483631,429.988,0.48363,488.803,0.48363,1397.446,0.483631,12117.160,0.48363,4007.690,0.48363,143.680,0.48363,639.659,0.48363,1410.142,0.48363,0.000,0.48363,321.176,0.48363,50.826,0.48363,98.319,0.48363,222.200,0.483631,63.815,0.48363,67.762,0.48363,5835.276,0.48363,259.143,0.48363,7589.578,0.48363,452.394,0.48363,945.004,0.48363,2467.283,0.48363,1993.179,0.48363,130.238,0.48363,322.144,0.48363,825.496,0.48363,12.999,0.48363,10.913,0.483631,2034.314,0.48363,9058.667,0.48363,2.766,0.48363,886.403,0.48363,31.088,0.48363,0.000,0.48363,4452.618,0.483631,5057.600,0.48363,1844.005,0.48363,33.801,0.48363,481.298,0.48363,80.627,0.48363,0.000,0.48363,204.535,0.48363,0.000,0.48363,237.888,0.483631,1917.194,0.48363,416.109,0.483631,6097.340,0.48363,237.743,0.483631,431.601,0.48363,129.411,0.48363,242.900
0.51587,4745.370,0.515873,1089.028,0.51587,9210.168,0.51587,1845.186,0.51587,418.605,0.51587,174.407,0.51587,279.858,0.51587,966.989,0.51587,33.654,0.51587,1.358,0.51587,8907.998,0.51587,886.317,0.51587,6.023,0.51587,98.816,0.51587,164.686,0.515873,3086.163,0.51587,135.033,0.51587,696.155,0.51587,150.117,0.51587,535.469,0.51587,0.000,0.51587,1019.449,0.51587,181.584,0.51587,3975.022,0.51587,2109.839,0.51587,240.535,0.51587,473.006,0.51587,6.332,0.51587,662.420,0.51587,301.955,0.51587,3322.235,0.51587,5628.554,0.51587,231.049,0.51587,409.154,0.51587,1995.934,0.51587,0.270,0.515873,922.447,0.515873,1075.917,0.51587,2694.407,0.51587,359.694,0.51587,23.745,0.51587,3468.726,0.51587,171.778,0.51587,3693.638,0.51587,6737.508,0.51587,149.405,0.515873,841.594,0.51587,207.307,0.51587,506.776,0.515873,12508.517,0.51587,5477.675,0.51587,64.710,0.51587,1153.538,0.51587,1110.415,0.51587,2.035,0.51587,208.707,0.51587,180.354,0.51587,736.267,0.51587,587.900,0.515873,24.460,0.51587,228.968,0.51587,6960.998,0.51587,930.393,0.51587,8982.023,0.51587,169.560,0.51587,914.353,0.51587,2455.667,0.51587,2784.932,0.51587,318.072,0.51587,588.776,0.51587,487.388,0.51587,0.830,0.51587,0.004,0.515873,1690.756,0.51587,12498.350,0.51587,0.004,0.51587,1353.577,0.51587,109.452,0.51587,0.000,0.51587,4262.003,0.515873,5261.817,0.51587,2144.385,0.51587,84.706,0.51587,1041.288,0.51587,37.475,0.51587,23.335,0.51587,184.324,0.51587,0.000,0.51587,276.889,0.515873,2049.521,0.51587,489.048,0.515873,5250.123,0.51587,228.871,0.515873,888.653,0.51587,125.166,0.51587,82.265
0.54812,4282.178,0.548115,2041.610,0.54812,11325.646,0.54812,1597.954,0.54812,319.857,0.54812,71.262,0.54812,239.580,0.54812,777.465,0.54812,52.682,0.54812,127.396,0.54812,8452.648,0.54812,819.275,0.54812,94.250,0.54812,230.198,0.54812,159.885,0.548115,4687.565,0.54812,10.193,0.54812,1924.353,0.54812,120.569,0.54812,734.039,0.54812,0.169,0.54812,507.664,0.54812,190.977,0.54812,2377.859,0.54812,2224.674,0.54812,276.277,0.54812,888.747,0.54812,11.928,0.54812,1035.213,0.54812,356.662,0.54812,2319.757,0.54812,6155.351,0.54812,765.961,0.54812,347.914,0.54812,1406.306,0.54812,44.412,0.548115,2057.712,0.548115,1891.417,0.54812,1509.397,0.54812,398.725,0.54812,0.695,0.54812,3358.691,0.54812,119.135,0.54812,5186.097,0.54812,7096.497,0.54812,249.083,0.548115,1392.549,0.54812,82.063,0.54812,151.226,0.548115,11405.497,0.54812,6373.121,0.54812,2.117,0.54812,1736.093,0.54812,616.310,0.54812,123.605,0.54812,143.781,0.54812,401.587,0.54812,2094.913,0.54812,1348.367,0.548115,29.779,0.54812,630.481,0.54812,7511.073,0.54812,2269.102,0.54812,9607.103,0.54812,147.658,0.54812,825.521,0.54812,2040.367,0.54812,3428.987,0.54812,842.811,0.54812,952.911,0.54812,204.613,0.54812,0.000,0.54812,0.204,0.548115,1278.383,0.54812,14416.717,0.54812,0.466,0.54812,1750.087,0.54812,317.460,0.54812,30.583,0.54812,3459.722,0.548115,4700.583,0.54812,2192.730,0.54812,421.910,0.54812,1600.359,0.54812,10.527,0.54812,136.381,0.54812,104.778,0.54812,0.043,0.54812,283.610,0.548115,1931.183,0.54812,732.574,0.548115,3795.301,0.54812,199.044,0.548115,1582.097,0.54812,139.137,0.54812,9.397
0.58036,3350.012,0.580357,2972.241,0.58036,12388.527,0.58036,1081.751,0.58036,182.652,0.58036,48.619,0.58036,172.067,0.58036,476.981,0.58036,165.075,0.58036,670.436,0.58036,6790.993,0.58036,735.597,0.58036,352.120,0.58036,365.126,0.58036,158.090,0.580357,6269.747,0.58036,0.600,0.58036,3772.536,0.58036,84.012,0.58036,888.447,0.58036,62.220,0.58036,120.026,0.58036,173.551,0.58036,927.751,0.58036,2121.717,0.58036,326.484,0.58036,1478.563,0.58036,33.559,0.58036,1384.496,0.58036,437.790,0.58036,1340.782,0.58036,5937.187,0.58036,1512.549,0.58036,220.852,0.58036,776.397,0.58036,278.580,0.580357,3401.141,0.580357,2782.117,0.58036,518.977,0.58036,482.727,0.58036,0.604,0.58036,2822.834,0.58036,79.210,0.58036,6556.072,0.58036,6867.879,0.58036,453.458,0.580357,1947.890,0.58036,70.819,0.58036,51.557,0.580357,9017.062,0.58036,6609.729,0.58036,1.637,0.58036,2289.523,0.58036,253.348,0.58036,673.368,0.58036,112.211,0.58036,803.504,0.58036,3649.705,0.58036,2434.883,0.580357,95.570,0.58036,1245.185,0.58036,7383.359,0.58036,4000.710,0.58036,9388.938,0.58036,198.347,0.58036,660.188,0.58036,1342.400,0.58036,3700.362,0.58036,1732.068,0.58036,1305.606,0.58036,20.794,0.58036,0.000,0.58036,1.247,0.580357,850.843,0.58036,14139.583,0.58036,8.659,0.58036,2022.032,0.58036,772.410,0.58036,229.270,0.58036,2242.395,0.580357,3544.683,0.58036,1957.141,0.58036,1256.247,0.58036,2014.901,0.58036,10.440,0.58036,317.991,0.58036,118.112,0.58036,64.384,0.58036,260.397,0.580357,1583.452,0.58036,1158.696,0.580357,2177.513,0.58036,190.997,0.580357,2353.422,0.58036,161.340,0.58036,0.000
0.61260,2190.977,0.612599,3672.925,0.61260,12199.380,0.61260,489.950,0.61260,95.350,0.61260,291.302,0.61260,99.842,0.61260,235.394,0.61260,427.847,0.61260,1871.607,0.61260,4436.478,0.61260,581.224,0.61260,939.265,0.61260,401.902,0.61260,129.493,0.612599,7139.063,0.61260,0.000,0.61260,5786.687,0.61260,30.984,0.61260,895.987,0.61260,350.874,0.61260,1.103,0.61260,126.269,0.61260,177.631,0.61260,1868.765,0.61260,340.455,0.61260,2072.435,0.61260,153.807,0.61260,1537.079,0.61260,493.569,0.61260,558.538,0.61260,5033.755,0.61260,2219.441,0.61260,123.111,0.61260,317.513,0.61260,724.369,0.612599,4484.066,0.612599,3379.650,0.61260,41.243,0.61260,595.344,0.61260,0.411,0.61260,2001.271,0.61260,43.053,0.61260,7524.728,0.61260,6086.718,0.61260,798.303,0.612599,2388.649,0.61260,87.300,0.61260,96.639,0.612599,6182.470,0.61260,6054.813,0.61260,37.345,0.61260,2613.784,0.61260,90.605,0.61260,1561.031,0.61260,69.018,0.61260,1443.887,0.61260,5039.477,0.61260,3504.033,0.612599,443.985,0.61260,2069.523,0.61260,6603.300,0.61260,5673.800,0.61260,8445.711,0.61260,194.796,0.61260,457.779,0.61260,593.433,0.61260,3514.613,0.61260,2677.732,0.61260,1585.859,0.61260,0.082,0.61260,0.000,0.61260,0.373,0.612599,493.163,0.61260,11674.017,0.61260,33.637,0.61260,2150.790,0.61260,1641.246,0.61260,849.210,0.61260,987.843,0.612599,2115.117,0.61260,1470.890,0.61260,2479.343,0.61260,2173.554,0.61260,12.286,0.61260,688.876,0.61260,284.655,0.61260,613.180,0.61260,227.019,0.612599,1083.517,0.61260,1588.368,0.612599,935.933,0.61260,278.121,0.612599,2965.464,0.61260,161.782,0.61260,0.000
0.64484,1163.185,0.644841,3967.673,0.64484,10904.929,0.64484,119.576,0.64484,43.084,0.64484,837.872,0.64484,46.117,0.64484,88.004,0.64484,859.604,0.64484,3622.199,0.64484,2047.828,0.64484,368.519,0.64484,2172.136,0.64484,328.647,0.64484,100.189,0.644841,6998.497,0.64484,0.000,0.64484,7427.197,0.64484,1.060,0.64484,721.336,0.64484,992.087,0.64484,0.000,0.64484,86.949,0.64484,3.823,0.64484,1495.129,0.64484,280.703,0.64484,2531.726,0.64484,465.872,0.64484,1420.101,0.64484,487.459,0.64484,155.848,0.64484,3649.050,0.64484,2714.403,0.64484,60.962,0.64484,87.796,0.64484,1229.799,0.644841,4978.348,0.644841,3440.717,0.64484,0.000,0.64484,681.336,0.64484,18.198,0.64484,1182.717,0.64484,9.349,0.64484,7860.803,0.64484,4874.078,0.64484,1132.839,0.644841,2602.416,0.64484,81.114,0.64484,227.211,0.644841,3505.602,0.64484,5014.339,0.64484,287.712,0.64484,2690.452,0.64484,90.485,0.64484,2477.187,0.64484,24.194,0.64484,2232.229,0.64484,5959.214,0.64484,4257.567,0.644841,1122.979,0.64484,2882.380,0.64484,5309.295,0.64484,6903.207,0.64484,6982.107,0.64484,100.277,0.64484,279.201,0.64484,81.600,0.64484,2909.566,0.64484,3403.233,0.64484,1733.529,0.64484,0.003,0.64484,13.867,0.64484,0.233,0.644841,224.121,0.64484,7769.883,0.64484,181.597,0.64484,2123.887,0.64484,2787.618,0.64484,2176.820,0.64484,199.932,0.644841,835.650,0.64484,844.476,0.64484,3687.113,0.64484,2042.068,0.64484,10.231,0.64484,1429.807,0.64484,540.628,0.64484,1683.650,0.64484,216.690,0.644841,568.655,0.64484,1871.822,0.644841,233.197,0.64484,543.413,0.644841,3191.300,0.64484,120.578,0.64484,0.000
0.67708,407.422,0.677083,3755.708,0.67708,8795.161,0.67708,534.120,0.67708,0.000,0.67708,1617.934,0.67708,38.231,0.67708,16.456,0.67708,1479.869,0.67708,5493.575,0.67708,436.016,0.67708,150.788,0.67708,3634.344,0.67708,224.689,0.67708,98.057,0.677083,5975.208,0.67708,30.404,0.67708,8315.979,0.67708,71.297,0.67708,464.687,0.67708,1964.578,0.67708,1.149,0.67708,77.908,0.67708,0.000,0.67708,1084.680,0.67708,182.724,0.67708,2765.415,0.67708,1030.108,0.67708,1111.644,0.67708,408.213,0.67708,81.509,0.67708,2166.774,0.67708,2886.607,0.67708,17.361,0.67708,39.097,0.67708,1722.659,0.677083,4752.144,0.677083,2951.833,0.67708,0.000,0.67708,671.842,0.67708,128.901,0.67708,546.276,0.67708,29.856,0.67708,7442.755,0.67708,3482.575,0.67708,1281.746,0.677083,2525.659,0.67708,54.806,0.67708,356.124,0.677083,1443.414,0.67708,3715.226,0.67708,952.587,0.67708,2318.661,0.67708,85.753,0.67708,3236.807,0.67708,3.640,0.67708,2986.296,0.67708,6167.174,0.67708,4444.583,0.677083,2040.716,0.67708,3381.136,0.67708,3701.076,0.67708,7299.672,0.67708,5173.170,0.67708,29.827,0.67708,196.861,0.67708,0.000,0.67708,2062.222,0.67708,3673.525,0.67708,1748.852,0.67708,24.623,0.67708,150.398,0.67708,103.291,0.677083,78.592,0.67708,3849.150,0.67708,626.822,0.67708,1947.320,0.67708,4024.266,0.67708,3870.605,0.67708,3.302,0.677083,118.533,0.67708,295.594,0.67708,4517.235,0.67708,1634.494,0.67708,31.018,0.67708,2280.054,0.67708,765.162,0.67708,2860.264,0.67708,258.430,0.677083,198.956,0.67708,1914.746,0.677083,10.426,0.67708,1097.947,0.677083,2963.958,0.67708,72.326,0.67708,2.438
0.70933,52.519,0.709325,3063.322,0.70933,6356.735,0.70933,2030.722,0.70933,0.000,0.70933,2747.474,0.70933,162.753,0.70933,0.000,0.70933,2147.802,0.70933,7099.841,0.70933,24.501,0.70933,24.202,0.70933,4890.640,0.70933,189.382,0.70933,169.989,0.709325,4400.066,0.70933,421.407,0.70933,8222.800,0.70933,424.315,0.70933,248.623,0.70933,3199.837,0.70933,10.391,0.70933,92.462,0.70933,0.000,0.70933,661.655,0.70933,127.865,0.70933,2721.042,0.70933,1785.793,0.70933,725.189,0.70933,291.352,0.70933,100.365,0.70933,961.346,0.70933,2689.548,0.70933,0.044,0.70933,113.913,0.70933,2127.258,0.709325,3905.018,0.709325,2167.300,0.70933,0.000,0.70933,584.639,0.70933,528.681,0.70933,183.331,0.70933,103.959,0.70933,6394.444,0.70933,2176.003,0.70933,1155.026,0.709325,2168.572,0.70933,86.062,0.70933,461.671,0.709325,246.440,0.70933,2325.889,0.70933,1851.004,0.70933,1694.592,0.70933,66.684,0.70933,3670.286,0.70933,5.131,0.70933,3418.812,0.70933,5613.768,0.70933,3998.683,0.709325,3035.174,0.70933,3368.037,0.70933,2143.103,0.70933,6749.250,0.70933,3247.749,0.70933,11.704,0.70933,220.001,0.70933,0.000,0.70933,1188.446,0.70933,3397.196,0.70933,1662.293,0.70933,43.890,0.70933,598.093,0.70933,710.374,0.709325,58.989,0.70933,1412.183,0.70933,1471.565,0.70933,1640.630,0.70933,5021.671,0.70933,5470.493,0.70933,0.000,0.709325,1.900,0.70933,40.534,0.70933,4792.353,0.70933,1032.719,0.70933,136.951,0.70933,3077.969,0.70933,946.368,0.70933,3813.257,0.70933,361.635,0.709325,65.452,0.70933,1688.158,0.709325,15.479,0.70933,1904.374,0.709325,2407.759,0.70933,20.440,0.70933,128.970
0.74157,0.000,0.741567,2113.985,0.74157,4047.240,0.74157,4834.498,0.74157,220.333,0.74157,4076.197,0.74157,551.043,0.74157,0.000,0.74157,2670.061,0.74157,8027.657,0.74157,1.098,0.74157,0.000,0.74157,5564.104,0.74157,176.971,0.74157,406.789,0.741567,2991.162,0.74157,1518.110,0.74157,7211.181,0.74157,1030.505,0.74157,63.819,0.74157,4395.256,0.74157,30.513,0.74157,131.318,0.74157,0.000,0.74157,331.678,0.74157,125.210,0.74157,2414.703,0.74157,2586.571,0.74157,378.569,0.74157,194.776,0.74157,123.508,0.74157,312.763,0.74157,2176.786,0.74157,0.178,0.74157,207.073,0.74157,2389.704,0.741567,2729.717,0.741567,1322.467,0.74157,0.000,0.74157,462.981,0.74157,1120.524,0.74157,110.125,0.74157,283.769,0.74157,4815.430,0.74157,1093.707,0.74157,798.245,0.741567,1613.133,0.74157,459.212,0.74157,445.178,0.741567,2.911,0.74157,1111.304,0.74157,2688.876,0.74157,986.474,0.74157,136.124,0.74157,3684.027,0.74157,159.275,0.74157,3437.023,0.74157,4430.968,0.74157,3068.017,0.741567,3836.483,0.74157,2848.570,0.74157,963.151,0.74157,5373.655,0.74157,1595.027,0.74157,6.376,0.74157,274.396,0.74157,0.000,0.74157,526.515,0.74157,2636.162,0.74157,1520.005,0.74157,38.485,0.74157,1490.044,0.74157,1826.899,0.741567,71.495,0.74157,351.800,0.74157,2706.265,0.74157,1232.233,0.74157,5538.523,0.74157,6694.119,0.74157,0.000,0.741567,0.000,0.74157,0.251,0.74157,4457.565,0.74157,412.355,0.74157,390.507,0.74157,3663.916,0.74157,1090.696,0.74157,4293.113,0.74157,508.188,0.741567,35.085,0.74157,1228.210,0.741567,46.130,0.74157,2650.538,0.741567,1647.867,0.74157,4.125,0.74157,519.104
0.77381,5.404,0.773810,1251.471,0.77381,2239.487,0.77381,9578.933,0.77381,1515.544,0.77381,5254.776,0.77381,1200.488,0.77381,0.000,0.77381,2909.799,0.77381,7890.668,0.77381,2.209,0.77381,0.049,0.77381,5547.989,0.77381,143.310,0.77381,885.337,0.773810,1897.223,0.77381,3716.783,0.77381,5609.095,0.77381,1988.176,0.77381,0.000,0.77381,5262.728,0.77381,170.674,0.77381,223.227,0.77381,0.556,0.77381,200.620,0.77381,152.220,0.77381,1908.234,0.77381,3297.920,0.77381,212.260,0.77381,181.557,0.77381,130.442,0.77381,37.522,0.77381,1444.061,0.77381,13.539,0.77381,261.494,0.77381,2434.019,0.773810,1652.947,0.773810,601.817,0.77381,0.000,0.77381,365.268,0.77381,1667.347,0.77381,139.851,0.77381,495.544,0.77381,3149.669,0.77381,378.646,0.77381,411.474,0.773810,991.552,0.77381,1561.683,0.77381,341.361,0.773810,61.396,0.77381,312.216,0.77381,3186.973,0.77381,444.826,0.77381,505.176,0.77381,3239.135,0.77381,685.036,0.77381,2995.729,0.77381,2903.483,0.77381,1961.933,0.773810,4180.316,0.77381,1970.898,0.77381,285.995,0.77381,3589.913,0.77381,477.129,0.77381,79.067,0.77381,313.985,0.77381,0.000,0.77381,209.514,0.77381,1623.519,0.77381,1469.132,0.77381,18.063,0.77381,2514.233,0.77381,3113.834,0.773810,99.293,0.77381,0.000,0.77381,4022.405,0.77381,810.915,0.77381,5432.812,0.77381,7362.182,0.77381,0.000,0.773810,7.067,0.77381,2.840,0.77381,3616.292,0.77381,45.703,0.77381,955.573,0.77381,3918.798,0.77381,1102.334,0.77381,4186.920,0.77381,632.432,0.773810,21.370,0.77381,658.705,0.773810,52.951,0.77381,2995.655,0.773810,903.358,0.77381,3.816,0.77381,1224.233
0.80605,36.376,0.806052,676.380,0.80605,1101.311,0.80605,15048.193,0.80605,4371.674,0.80605,5974.331,0.80605,1909.362,0.80605,6.811,0.80605,2865.742,0.80605,6790.789,0.80605,1.376,0.80605,70.996,0.80605,4832.198,0.80605,78.612,0.80605,1635.204,0.806052,1037.481,0.80605,6511.926,0.80605,3755.758,0.80605,3230.229,0.80605,0.000,0.80605,5614.413,0.80605,1023.699,0.80605,418.534,0.80605,125.916,0.80605,168.554,0.80605,187.376,0.80605,1304.775,0.80605,3818.003,0.80605,191.707,0.80605,296.265,0.80605,108.593,0.80605,0.000,0.80605,671.249,0.80605,80.127,0.80605,278.032,0.80605,2225.945,0.806052,856.411,0.806052,108.533,0.80605,2.460,0.80605,291.899,0.80605,1998.538,0.80605,187.829,0.80605,697.976,0.80605,1672.010,0.80605,41.881,0.80605,130.890,0.806052,453.182,0.80605,3125.976,0.80605,260.591,0.806052,100.429,0.80605,46.645,0.80605,3152.839,0.80605,216.603,0.80605,1234.284,0.80605,2440.533,0.80605,1528.863,0.80605,2128.966,0.80605,1402.741,0.80605,982.767,0.806052,3965.397,0.80605,1023.208,0.80605,21.963,0.80605,1902.826,0.80605,41.760,0.80605,593.066,0.80605,336.311,0.80605,0.000,0.80605,102.108,0.80605,703.919,0.80605,1419.215,0.80605,14.901,0.80605,3349.810,0.80605,4098.441,0.806052,146.271,0.80605,0.000,0.80605,5014.961,0.80605,508.146,0.80605,4695.414,0.80605,7355.034,0.80605,0.000,0.806052,84.833,0.80605,23.445,0.80605,2483.838,0.80605,0.000,0.80605,1759.155,0.80605,3766.626,0.80605,898.454,0.80605,3571.098,0.80605,663.915,0.806052,24.914,0.80605,199.437,0.806052,49.145,0.80605,2760.791,0.806052,398.755,0.80605,14.574,0.80605,1969.791
0.83829,68.350,0.838294,315.058,0.83829,453.317,0.83829,20139.059,0.83829,8616.246,0.83829,5972.908,0.83829,2467.228,0.83829,197.937,0.83829,2607.758,0.83829,4983.646,0.83829,1.196,0.83829,481.788,0.83829,3719.387,0.83829,34.273,0.83829,2503.215,0.838294,490.963,0.83829,9067.850,0.83829,2013.325,0.83829,4427.037,0.83829,0.000,0.83829,5384.274,0.83829,3053.333,0.83829,723.186,0.83829,1117.679,0.83829,194.142,0.83829,234.254,0.83829,768.675,0.83829,4043.238,0.83829,239.037,0.83829,563.861,0.83829,71.204,0.83829,0.048,0.83829,175.194,0.83829,260.152,0.83829,321.090,0.83829,1785.580,0.838294,401.051,0.838294,0.000,0.83829,309.603,0.83829,216.596,0.83829,2027.798,0.83829,216.358,0.83829,1067.823,0.83829,556.123,0.83829,0.291,0.83829,8.193,0.838294,152.912,0.83829,4700.773,0.83829,243.156,0.838294,57.572,0.83829,1.258,0.83829,2589.261,0.83829,199.756,0.83829,2117.055,0.83829,1449.422,0.83829,2427.281,0.83829,1153.454,0.83829,409.857,0.83829,413.700,0.838294,3252.606,0.83829,341.093,0.83829,0.000,0.83829,689.140,0.83829,0.000,0.83829,1482.374,0.83829,408.609,0.83829,18.800,0.83829,70.954,0.83829,211.808,0.83829,1190.803,0.83829,191.665,0.83829,3781.730,0.83829,4480.650,0.838294,204.441,0.83829,0.000,0.83829,5389.650,0.83829,333.609,0.83829,3468.083,0.83829,6655.293,0.83829,0.000,0.838294,143.433,0.83829,127.642,0.83829,1331.771,0.83829,0.000,0.83829,2658.442,0.83829,3207.363,0.83829,590.917,0.83829,2631.755,0.83829,577.992,0.838294,46.134,0.83829,17.766,0.838294,52.285,0.83829,2085.576,0.838294,131.101,0.83829,111.541,0.83829,2526.556
0.87054,61.805,0.870536,113.613,0.87054,304.359,0.87054,24152.117,0.87054,13956.655,0.87054,5260.554,0.87054,2723.406,0.87054,877.722,0.87054,2172.425,0.87054,2895.305,0.87054,32.501,0.87054,1294.688,0.87054,2392.826,0.87054,11.158,0.87054,3318.788,0.870536,162.719,0.87054,10813.984,0.87054,779.426,0.87054,5391.790,0.87054,17.792,0.87054,4647.595,0.87054,5603.419,0.87054,1095.716,0.87054,3724.582,0.87054,246.818,0.87054,293.727,0.87054,413.054,0.87054,3881.146,0.87054,266.264,0.87054,950.445,0.87054,58.964,0.87054,9.813,0.87054,26.689,0.87054,688.205,0.87054,358.535,0.87054,1194.922,0.870536,155.968,0.870536,0.000,0.87054,1718.550,0.87054,141.735,0.87054,1772.928,0.87054,245.449,0.87054,1543.999,0.87054,76.982,0.87054,0.000,0.87054,0.000,0.870536,72.956,0.87054,5711.730,0.87054,259.747,0.870536,21.187,0.87054,0.000,0.87054,1689.984,0.87054,242.136,0.87054,2905.107,0.87054,587.151,0.87054,3048.610,0.87054,402.865,0.87054,71.446,0.87054,99.700,0.870536,2225.756,0.87054,87.785,0.87054,0.000,0.87054,131.875,0.87054,0.000,0.87054,2444.637,0.87054,568.153,0.87054,644.267,0.87054,58.791,0.87054,52.320,0.87054,845.538,0.87054,785.363,0.87054,3696.085,0.87054,4055.117,0.870536,236.870,0.87054,37.267,0.87054,5049.523,0.87054,215.755,0.87054,2106.018,0.87054,5385.086,0.87054,2.837,0.870536,130.567,0.87054,242.060,0.87054,489.459,0.87054,0.343,0.87054,3413.269,0.87054,2355.821,0.87054,296.863,0.87054,1630.308,0.87054,388.750,0.870536,70.444,0.87054,0.000,0.870536,68.219,0.87054,1257.825,0.870536,29.373,0.87054,325.530,0.87054,2694.894
0.90278,33.456,0.902778,70.632,0.90278,212.704,0.90278,26534.080,0.90278,19047.406,0.90278,3977.068,0.90278,2601.467,0.90278,1711.154,0.90278,1610.853,0.90278,1375.891,0.90278,101.898,0.90278,2316.352,0.90278,1205.777,0.90278,0.000,0.90278,3922.267,0.902778,30.240,0.90278,11239.490,0.90278,119.479,0.90278,5929.628,0.90278,704.616,0.90278,3582.274,0.90278,7960.014,0.90278,1478.067,0.90278,7299.047,0.90278,282.553,0.90278,321.335,0.90278,236.323,0.90278,3312.716,0.90278,203.133,0.90278,1362.638,0.90278,79.587,0.90278,79.730,0.90278,0.408,0.90278,1458.818,0.90278,386.206,0.90278,633.177,0.902778,19.428,0.902778,0.000,0.90278,4311.924,0.90278,86.108,0.90278,1331.706,0.90278,278.004,0.90278,1970.975,0.90278,10.145,0.90278,9.229,0.90278,0.000,0.902778,87.428,0.90278,5957.289,0.90278,302.596,0.902778,45.676,0.90278,1.211,0.90278,827.411,0.90278,288.878,0.90278,3435.593,0.90278,102.538,0.90278,3169.731,0.90278,76.947,0.90278,0.081,0.90278,4.567,0.902778,1151.887,0.90278,31.700,0.90278,0.000,0.90278,0.000,0.90278,0.997,0.90278,3177.774,0.90278,781.061,0.90278,2235.500,0.90278,60.762,0.90278,18.764,0.90278,492.093,0.90278,1882.541,0.90278,3113.320,0.90278,2948.137,0.902778,242.935,0.90278,205.733,0.90278,4089.121,0.90278,138.342,0.90278,1120.013,0.90278,3795.043,0.90278,158.459,0.902778,72.000,0.90278,277.005,0.90278,217.723,0.90278,19.763,0.90278,3793.699,0.90278,1385.376,0.90278,88.439,0.90278,736.503,0.90278,171.703,0.902778,85.421,0.90278,1.408,0.902778,75.501,0.90278,589.665,0.902778,1.606,0.90278,710.191,0.90278,2404.729
0.93502,28.622,0.935020,104.323,0.93502,131.772,0.93502,26865.885,0.93502,22757.770,0.93502,2520.949,0.93502,2158.500,0.93502,2438.136,0.93502,937.033,0.93502,505.319,0.93502,160.116,0.93502,3250.484,0.93502,389.387,0.93502,0.000,0.93502,4235.378,0.935020,33.414,0.93502,10300.659,0.93502,0.344,0.93502,5950.255,0.93502,2506.942,0.93502,2430.194,0.93502,9475.412,0.93502,1816.436,0.93502,10683.263,0.93502,285.768,0.93502,307.746,0.93502,183.098,0.93502,2436.211,0.93502,80.394,0.93502,1759.151,0.93502,135.822,0.93502,137.668,0.93502,14.442,0.93502,2366.008,0.93502,395.247,0.93502,245.526,0.935020,0.000,0.935020,0.000,0.93502,7315.303,0.93502,72.545,0.93502,848.097,0.93502,330.045,0.93502,2232.570,0.93502,24.868,0.93502,67.917,0.93502,0.000,0.935020,160.231,0.93502,5230.352,0.93502,379.750,0.935020,156.347,0.93502,11.642,0.93502,253.443,0.93502,292.043,0.93502,3591.449,0.93502,2.013,0.93502,2754.670,0.93502,0.754,0.93502,0.000,0.93502,15.067,0.935020,349.658,0.93502,23.014,0.93502,0.000,0.93502,1.015,0.93502,27.375,0.93502,3438.183,0.93502,949.234,0.93502,4434.650,0.93502,70.012,0.93502,3.385,0.93502,248.113,0.93502,3275.364,0.93502,2174.256,0.93502,1573.927,0.935020,252.695,0.93502,385.717,0.93502,2768.947,0.93502,87.257,0.93502,392.106,0.93502,2155.256,0.93502,689.917,0.935020,25.967,0.93502,253.856,0.93502,287.362,0.93502,87.802,0.93502,3649.315,0.93502,587.000,0.93502,26.518,0.93502,210.766,0.93502,57.786,0.935020,87.047,0.93502,45.249,,,0.93502,219.601,0.935020,0.000,0.93502,1311.743,0.93502,1719.230
0.96726,36.467,0.967262,135.977,0.96726,65.158,0.96726,25015.152,0.96726,24292.607,0.96726,1440.686,0.96726,1568.377,0.96726,2787.634,0.96726,358.285,0.96726,165.501,0.96726,179.175,0.96726,3863.850,0.96726,90.351,0.96726,22.609,0.96726,4323.549,0.967262,103.967,0.96726,8135.521,0.96726,0.110,0.96726,5395.879,0.96726,4548.599,0.96726,1433.077,0.96726,9688.295,0.96726,2069.511,0.96726,12942.513,0.96726,276.195,0.96726,259.454,0.96726,191.082,0.96726,1531.225,0.96726,16.789,0.96726,2090.681,0.96726,178.277,0.96726,139.395,0.96726,110.723,0.96726,3180.513,0.96726,385.529,0.96726,52.709,0.967262,0.000,0.967262,0.000,0.96726,9907.912,0.96726,242.130,0.96726,488.371,0.96726,377.584,0.96726,2233.057,0.96726,99.928,0.96726,119.500,0.96726,2.001,0.967262,285.902,0.96726,3826.656,0.96726,442.953,0.967262,387.167,0.96726,9.583,0.96726,39.775,0.96726,287.575,0.96726,3334.323,0.96726,0.000,0.96726,1930.526,0.96726,20.837,0.96726,3.355,0.96726,37.333,0.967262,31.299,0.96726,15.613,0.96726,0.000,0.96726,19.169,0.96726,72.510,0.96726,3138.644,0.96726,973.887,0.96726,6477.583,0.96726,91.463,0.96726,0.088,0.96726,112.010,0.96726,4485.421,0.96726,1118.352,0.96726,490.724,,,0.96726,542.450,0.96726,1427.213,0.96726,74.768,0.96726,33.639,0.96726,826.145,0.96726,1359.495,0.967262,11.667,0.96726,217.875,0.96726,334.947,0.96726,182.312,0.96726,2996.646,0.96726,140.887,0.96726,26.844,0.96726,35.101,0.96726,47.073,0.967262,111.684,0.96726,160.191,,,0.96726,60.268,0.967262,2.110,0.96726,2081.447,0.96726,876.365
0.99950,69.022,0.999504,121.646,0.99950,17.905,0.99950,21178.223,0.99950,23406.750,0.99950,664.286,0.99950,999.122,0.99950,2619.002,0.99950,74.583,0.99950,114.603,0.99950,131.420,0.99950,3976.904,0.99950,6.677,0.99950,316.656,0.99950,4279.540,0.999504,229.298,0.99950,5370.798,0.99950,4.537,0.99950,4411.471,0.99950,6316.464,0.99950,725.455,0.99950,8494.555,0.99950,2212.473,0.99950,13477.737,0.99950,252.525,0.99950,179.837,0.99950,225.583,0.99950,795.257,0.99950,12.326,0.99950,2230.099,0.99950,199.680,0.99950,127.357,0.99950,281.640,0.99950,3656.998,0.99950,377.765,0.99950,15.324,0.999504,0.000,0.999504,0.000,0.99950,11153.464,0.99950,656.631,0.99950,285.998,0.99950,375.002,0.99950,1928.499,0.99950,208.756,0.99950,147.179,0.99950,85.268,0.999504,407.718,0.99950,2041.905,0.99950,459.271,0.999504,660.602,0.99950,0.814,0.99950,9.536,0.99950,260.463,0.99950,2707.752,0.99950,0.906,0.99950,984.138,0.99950,139.251,0.99950,25.523,0.99950,58.033,,,0.99950,5.703,0.99950,7.105,0.99950,65.094,0.99950,64.330,0.99950,2379.380,0.99950,821.199,0.99950,7881.117,0.99950,134.337,0.99950,3.525,0.99950,89.713,0.99950,5267.471,0.99950,388.672,0.99950,54.385,,,0.99950,700.950,0.99950,497.291,0.99950,122.728,0.99950,0.337,0.99950,214.797,0.99950,1972.879,0.999504,36.433,0.99950,162.177,0.99950,330.528,0.99950,246.389,0.99950,2000.123,0.99950,26.820,0.99950,65.929,0.99950,0.989,0.99950,73.178,,,0.99950,305.024,,,0.99950,4.756,,,0.99950,2831.076,0.99950,316.387
1.03175,90.675,1.031746,78.109,1.03175,1.859,1.03175,15935.600,1.03175,20366.812,1.03175,191.342,1.03175,545.164,1.03175,1976.828,1.03175,16.278,1.03175,72.617,1.03175,50.147,1.03175,3540.515,1.03175,0.000,1.03175,1207.832,1.03175,4137.077,1.031746,373.165,1.03175,2911.198,1.03175,11.996,1.03175,3223.493,1.03175,7428.875,1.03175,316.300,1.03175,6216.900,1.03175,2238.484,1.03175,12044.560,1.03175,242.784,1.03175,82.035,1.03175,261.167,1.03175,320.061,1.03175,10.872,1.03175,2157.531,1.03175,208.592,1.03175,164.157,1.03175,366.047,1.03175,3640.022,1.03175,395.070,1.03175,17.322,,,,,1.03175,10909.335,1.03175,1197.980,1.03175,178.416,1.03175,312.669,1.03175,1509.212,1.03175,219.799,1.03175,140.870,1.03175,805.030,,,1.03175,639.047,1.03175,438.376,1.031746,920.434,1.03175,0.074,1.03175,39.828,1.03175,230.270,1.03175,1832.599,1.03175,18.246,1.03175,262.151,1.03175,385.710,1.03175,61.664,1.03175,73.833,,,1.03175,29.769,1.03175,36.258,1.03175,120.523,1.03175,14.561,1.03175,1444.905,1.03175,558.187,1.03175,8263.850,1.03175,200.214,1.03175,9.988,1.03175,98.609,1.03175,5488.220,1.03175,28.381,1.03175,0.198,,,1.03175,865.550,1.03175,115.881,1.03175,192.358,1.03175,22.255,1.03175,35.543,1.03175,2347.345,1.031746,89.833,1.03175,104.719,1.03175,313.570,1.03175,266.354,1.03175,965.778,1.03175,1.020,1.03175,93.315,1.03175,0.000,1.03175,89.872,,,1.03175,412.450,,,1.03175,0.000,,,1.03175,3439.754,1.03175,53.006
1.06399,92.899,,,1.06399,0.000,1.06399,10464.671,1.06399,15797.064,1.06399,16.394,1.06399,245.811,1.06399,1080.816,1.06399,2.701,1.06399,25.604,1.06399,11.143,1.06399,2648.973,1.06399,0.000,1.06399,2438.955,1.06399,3819.291,,,1.06399,1084.013,1.06399,5.648,1.06399,2059.420,1.06399,7665.919,1.06399,99.190,1.06399,3658.003,1.06399,2138.010,1.06399,9070.612,1.06399,245.620,1.06399,16.855,1.06399,281.433,1.06399,99.335,1.06399,88.723,1.06399,1881.756,1.06399,195.789,1.06399,199.950,1.06399,355.834,1.06399,3111.547,1.06399,438.611,1.06399,33.703,,,,,1.06399,9080.146,1.06399,1676.146,1.06399,131.372,1.06399,236.413,1.06399,988.973,1.06399,142.577,1.06399,116.463,1.06399,2280.712,,,1.06399,67.006,1.06399,375.223,,,1.06399,0.000,1.06399,78.093,1.06399,229.563,1.06399,896.078,1.06399,72.063,1.06399,12.575,1.06399,691.247,1.06399,85.067,1.06399,140.100,,,1.06399,59.091,1.06399,73.085,1.06399,154.283,1.06399,4.428,1.06399,588.710,1.06399,300.894,1.06399,7542.933,1.06399,258.948,1.06399,15.628,1.06399,98.241,1.06399,5143.836,1.06399,1.670,1.06399,6.878,,,1.06399,1025.833,1.06399,8.554,1.06399,268.163,1.06399,117.869,1.06399,3.178,1.06399,2362.398,,,1.06399,74.550,1.06399,312.660,1.06399,293.839,1.06399,269.348,1.06399,3.446,1.06399,94.788,1.06399,0.000,1.06399,141.699,,,1.06399,401.047,,,1.06399,0.811,,,1.06399,3820.389,1.06399,0.000
1.09623,109.356,,,,,1.09623,5910.940,1.09623,10542.893,1.09623,24.433,1.09623,79.401,1.09623,297.360,1.09623,0.813,1.09623,4.637,,,1.09623,1529.854,1.09623,1.895,1.09623,3517.872,1.09623,3242.362,,,1.09623,187.773,1.09623,0.045,1.09623,1045.230,1.09623,7044.303,1.09623,9.287,1.09623,1535.127,1.09623,1889.407,1.09623,5376.566,1.09623,254.521,1.09623,6.663,1.09623,310.050,1.09623,29.280,1.09623,328.222,1.09623,1472.594,,,1.09623,187.295,1.09623,367.177,1.09623,2253.262,1.09623,488.999,1.09623,67.599,,,,,1.09623,6343.568,1.09623,1932.092,1.09623,114.884,1.09623,208.806,1.09623,514.932,1.09623,48.036,1.09623,95.281,1.09623,4201.171,,,1.09623,0.687,1.09623,270.161,,,1.09623,0.000,1.09623,130.668,1.09623,289.914,1.09623,234.912,1.09623,113.228,1.09623,0.000,1.09623,1057.815,1.09623,91.124,1.09623,288.417,,,1.09623,89.327,1.09623,82.226,1.09623,165.421,1.09623,71.844,1.09623,80.710,1.09623,136.367,1.09623,5922.967,1.09623,269.144,1.09623,59.177,1.09623,87.003,1.09623,4328.980,1.09623,12.111,1.09623,18.074,,,1.09623,1089.200,1.09623,0.020,1.09623,299.549,1.09623,135.379,1.09623,17.639,1.09623,1989.430,,,1.09623,88.220,1.09623,329.253,1.09623,363.506,1.09623,36.187,1.09623,4.531,1.09623,105.066,1.09623,0.098,1.09623,244.819,,,1.09623,267.745,,,1.09623,10.089,,,1.09623,3868.684,1.09623,1.342
1.12847,127.815,,,,,1.12847,2697.311,1.12847,5529.044,1.12847,80.929,1.12847,16.937,1.12847,33.973,1.12847,19.037,1.12847,0.000,,,1.12847,584.010,1.12847,3.192,1.12847,4119.661,1.12847,2410.214,,,1.12847,0.896,,,1.12847,307.477,1.12847,5773.320,1.12847,0.111,1.12847,307.737,1.12847,1505.172,1.12847,2041.444,1.12847,244.787,,,1.12847,344.473,1.12847,10.834,1.12847,621.255,1.12847,1020.312,,,1.12847,161.731,1.12847,423.553,1.12847,1351.121,1.12847,523.439,1.12847,143.899,,,,,1.12847,3325.757,1.12847,1897.583,1.12847,128.718,1.12847,225.039,1.12847,187.988,1.12847,4.661,1.12847,74.173,1.12847,6089.479,,,1.12847,0.000,1.12847,156.167,,,1.12847,0.000,1.12847,291.461,1.12847,387.197,1.12847,1.738,1.12847,134.879,1.12847,0.680,1.12847,1367.017,1.12847,90.396,,,,,1.12847,126.716,1.12847,60.924,1.12847,141.531,,,1.12847,0.334,1.12847,83.337,1.12847,3794.300,1.12847,252.126,,,1.12847,75.249,1.12847,3207.419,1.12847,19.911,1.12847,16.032,,,1.12847,1054.467,1.12847,8.968,1.12847,284.697,1.12847,101.500,1.12847,11.432,1.12847,1307.263,,,1.12847,127.278,1.12847,315.935,1.12847,461.384,1.12847,3.922,,,1.12847,119.818,1.12847,18.537,1.12847,307.000,,,1.12847,166.076,,,,,,,1.12847,3574.474,1.12847,26.477
,,,,,,1.16071,918.093,1.16071,2053.117,1.16071,196.200,1.16071,13.729,1.16071,0.000,,,1.16071,0.527,,,1.16071,103.388,1.16071,6.042,1.16071,4064.338,1.16071,1497.145,,,1.16071,0.000,,,1.16071,10.507,1.16071,4133.127,1.16071,1.072,1.16071,0.000,1.16071,1081.956,1.16071,506.180,1.16071,228.446,,,1.16071,384.391,1.16071,4.582,1.16071,867.678,1.16071,610.565,,,1.16071,207.547,1.16071,455.888,1.16071,604.023,,,1.16071,235.438,,,,,1.16071,1092.194,1.16071,1606.868,1.16071,169.412,1.16071,238.225,1.16071,40.907,1.16071,18.564,,,1.16071,7532.045,,,1.16071,0.177,1.16071,81.491,,,,,1.16071,548.726,1.16071,434.983,1.16071,0.000,1.16071,150.930,1.16071,34.377,1.16071,1603.113,1.16071,101.088,,,,,1.16071,184.122,1.16071,44.300,1.16071,82.136,,,1.16071,0.000,1.16071,136.202,1.16071,1703.967,1.16071,247.370,,,1.16071,74.000,1.16071,1973.097,1.16071,28.946,1.16071,56.207,,,1.16071,979.133,1.16071,70.445,1.16071,233.676,1.16071,62.932,1.16071,0.520,1.16071,516.645,,,1.16071,142.058,1.16071,264.418,1.16071,551.791,1.16071,0.078,,,1.16071,117.041,1.16071,148.079,1.16071,287.703,,,1.16071,137.562,,,,,,,1.16071,2993.784,1.16071,104.131
,,,,,,1.19296,208.087,1.19296,469.879,1.19296,400.954,1.19296,48.670,1.19296,5.015,,,1.19296,13.166,,,1.19296,21.462,1.19296,8.880,1.19296,3349.833,1.19296,758.299,,,1.19296,0.000,,,1.19296,0.000,1.19296,2449.688,1.19296,31.976,1.19296,0.000,1.19296,703.740,1.19296,100.403,1.19296,212.163,,,1.19296,436.003,1.19296,6.333,1.19296,1013.775,1.19296,326.101,,,1.19296,339.779,,,1.19296,164.205,,,1.19296,244.904,,,,,1.19296,78.463,1.19296,1165.010,1.19296,249.492,,,1.19296,10.460,,,,,1.19296,8287.324,,,1.19296,19.596,,,,,,,1.19296,823.732,1.19296,434.703,1.19296,0.000,1.19296,149.075,1.19296,189.008,1.19296,1764.413,1.19296,137.353,,,,,1.19296,233.649,,,1.19296,58.680,,,1.19296,0.310,1.19296,242.998,1.19296,376.900,1.19296,254.976,,,,,1.19296,895.573,1.19296,57.299,1.19296,147.642,,,1.19296,905.033,1.19296,184.475,1.19296,167.628,1.19296,63.428,1.19296,7.303,1.19296,43.031,,,,,1.19296,207.914,,,1.19296,0.000,,,1.19296,127.125,1.19296,310.769,1.19296,247.284,,,1.19296,173.356,,,,,,,1.19296,2264.910,1.19296,157.651
,,,,,,1.22520,0.000,1.22520,8.712,1.22520,571.688,1.22520,136.801,1.22520,35.735,,,1.22520,50.139,,,1.22520,28.291,1.22520,1.839,1.22520,2267.799,1.22520,335.102,,,1.22520,4.319,,,1.22520,0.000,1.22520,1159.207,1.22520,96.336,1.22520,0.000,1.22520,423.656,1.22520,3.596,1.22520,203.616,,,1.22520,446.959,,,1.22520,1027.678,1.22520,228.880,,,1.22520,468.409,,,1.22520,10.081,,,1.22520,194.841,,,,,1.22520,0.000,1.22520,702.045,1.22520,368.319,,,1.22520,20.230,,,,,1.22520,8257.889,,,1.22520,120.096,,,,,,,,,1.22520,364.492,1.22520,6.552,1.22520,126.182,1.22520,314.909,1.22520,1835.746,1.22520,208.739,,,,,1.22520,240.273,,,1.22520,71.156,,,1.22520,21.823,1.22520,402.385,1.22520,39.800,,,,,,,1.22520,284.979,1.22520,127.428,1.22520,232.368,,,1.22520,845.733,1.22520,317.075,1.22520,100.891,1.22520,115.253,1.22520,38.325,1.22520,1.322,,,,,1.22520,170.782,,,1.22520,1.330,,,1.22520,139.419,1.22520,434.196,1.22520,213.033,,,1.22520,208.664,,,,,,,1.22520,1536.059,1.22520,141.900
,,,,,,1.25744,0.000,1.25744,0.000,1.25744,633.828,1.25744,303.470,1.25744,94.597,,,1.25744,75.541,,,1.25744,20.432,1.25744,2.029,1.25744,1105.920,1.25744,131.949,,,1.25744,169.618,,,,,1.25744,360.811,1.25744,158.919,1.25744,0.000,1.25744,310.253,1.25744,0.000,1.25744,188.707,,,1.25744,401.423,,,1.25744,930.157,1.25744,195.245,,,1.25744,497.599,,,1.25744,1.893,,,1.25744,158.263,,,,,1.25744,0.000,1.25744,316.859,1.25744,515.756,,,1.25744,71.596,,,,,1.25744,7483.073,,,1.25744,266.210,,,,,,,,,1.25744,242.844,1.25744,56.169,1.25744,137.011,1.25744,361.028,1.25744,1879.455,1.25744,285.796,,,,,1.25744,195.294,,,1.25744,105.274,,,1.25744,87.059,1.25744,604.337,1.25744,0.000,,,,,,,1.25744,32.146,1.25744,280.077,1.25744,258.150,,,1.25744,796.100,1.25744,432.014,1.25744,73.677,1.25744,183.925,1.25744,58.615,1.25744,11.422,,,,,1.25744,139.885,,,1.25744,19.855,,,1.25744,147.404,1.25744,474.609,,,,,1.25744,200.414,,,,,,,1.25744,910.208,1.25744,73.968
,,,,,,,,1.28968,0.000,1.28968,613.926,1.28968,472.089,1.28968,209.694,,,1.28968,68.775,,,1.28968,8.959,1.28968,43.644,1.28968,278.436,1.28968,70.277,,,1.28968,599.633,,,,,1.28968,59.607,1.28968,199.458,1.28968,2.972,1.28968,246.308,1.28968,0.000,1.28968,185.107,,,1.28968,354.826,,,1.28968,765.987,1.28968,164.262,,,1.28968,429.185,,,1.28968,40.960,,,1.28968,141.837,,,,,1.28968,0.000,1.28968,95.262,1.28968,658.291,,,1.28968,157.407,,,,,1.28968,6106.600,,,1.28968,532.763,,,,,,,,,1.28968,126.395,1.28968,267.110,,,1.28968,319.398,1.28968,1890.258,1.28968,327.066,,,,,,,,,1.28968,119.933,,,1.28968,159.029,1.28968,765.840,1.28968,0.000,,,,,,,1.28968,8.990,1.28968,427.445,1.28968,244.703,,,1.28968,697.667,1.28968,471.020,1.28968,81.501,1.28968,181.342,1.28968,83.707,1.28968,27.941,,,,,1.28968,92.894,,,1.28968,27.915,,,1.28968,166.146,1.28968,423.056,,,,,1.28968,125.116,,,,,,,1.28968,444.515,1.28968,38.289
,,,,,,,,1.32192,0.000,1.32192,566.989,1.32192,539.335,1.32192,354.282,,,,,,,1.32192,40.154,1.32192,115.770,1.32192,16.973,1.32192,67.094,,,1.32192,1016.878,,,,,1.32192,30.871,1.32192,231.905,1.32192,44.290,1.32192,163.395,1.32192,4.499,1.32192,223.643,,,1.32192,353.038,,,1.32192,578.619,1.32192,107.306,,,1.32192,295.191,,,1.32192,189.886,,,1.32192,125.692,,,,,1.32192,1.010,1.32192,15.351,1.32192,775.965,,,1.32192,250.460,,,,,1.32192,4338.887,,,1.32192,890.540,,,,,,,,,1.32192,51.243,1.32192,764.391,,,1.32192,286.943,1.32192,1836.978,1.32192,309.612,,,,,,,,,1.32192,99.587,,,1.32192,207.069,1.32192,832.997,1.32192,0.000,,,,,,,1.32192,3.487,1.32192,497.087,1.32192,238.760,,,,,1.32192,473.868,1.32192,107.756,1.32192,107.540,1.32192,129.032,1.32192,36.150,,,,,1.32192,46.636,,,1.32192,10.758,,,1.32192,209.767,1.32192,335.853,,,,,,,,,,,,,1.32192,149.834,1.32192,67.632
,,,,,,,,1.35417,0.000,1.35417,548.450,1.35417,512.316,1.35417,514.286,,,,,,,1.35417,102.633,1.35417,124.160,1.35417,2.810,1.35417,59.762,,,1.35417,1314.327,,,,,1.35417,35.738,1.35417,259.063,1.35417,198.323,1.35417,85.677,1.35417,74.087,,,,,1.35417,390.933,,,1.35417,376.686,1.35417,47.897,,,1.35417,135.874,,,1.35417,357.772,,,1.35417,116.281,,,,,1.35417,71.322,1.35417,38.568,1.35417,869.162,,,1.35417,313.840,,,,,1.35417,2563.518,,,1.35417,1281.452,,,,,,,,,,,1.35417,1133.818,,,1.35417,343.714,1.35417,1718.728,1.35417,228.096,,,,,,,,,,,,,1.35417,291.783,1.35417,781.887,1.35417,0.000,,,,,,,1.35417,0.000,1.35417,540.520,1.35417,267.035,,,,,,,1.35417,181.243,,,1.35417,188.833,1.35417,32.287,,,,,1.35417,47.564,,,,,,,1.35417,317.321,1.35417,263.444,,,,,,,,,,,,,1.35417,24.756,1.35417,154.234
,,,,,,,,1.38641,0.000,1.38641,567.084,1.38641,433.661,1.38641,681.678,,,,,,,1.38641,216.247,,,1.38641,25.678,1.38641,59.372,,,1.38641,1444.375,,,,,1.38641,59.337,1.38641,246.298,1.38641,668.523,1.38641,42.623,1.38641,273.462,,,,,1.38641,436.652,,,1.38641,181.340,1.38641,14.263,,,1.38641,52.376,,,1.38641,446.177,,,1.38641,131.611,,,,,1.38641,403.310,1.38641,142.810,1.38641,976.839,,,1.38641,353.697,,,,,1.38641,1192.871,,,1.38641,1593.851,,,,,,,,,,,1.38641,1258.312,,,1.38641,417.196,1.38641,1494.995,,,,,,,,,,,,,,,1.38641,486.358,1.38641,639.941,1.38641,0.000,,,,,,,1.38641,0.529,1.38641,557.977,1.38641,284.508,,,,,,,1.38641,273.145,,,1.38641,260.443,1.38641,90.166,,,,,1.38641,93.921,,,,,,,1.38641,443.505,1.38641,201.410,,,,,,,,,,,,,1.38641,5.779,1.38641,310.682
,,,,,,,,1.41865,0.000,1.41865,598.604,1.41865,356.171,1.41865,812.353,,,,,,,1.41865,260.368,,,1.41865,60.542,1.41865,106.130,,,1.41865,1386.922,,,,,1.41865,204.643,1.41865,215.940,1.41865,1372.036,1.41865,25.006,1.41865,520.481,,,,,1.41865,443.939,,,1.41865,79.503,1.41865,10.457,,,,,,,1.41865,437.660,,,1.41865,176.857,,,,,1.41865,933.923,1.41865,301.200,1.41865,1059.674,,,1.41865,358.143,,,,,1.41865,383.477,,,1.41865,1707.014,,,,,,,,,,,1.41865,1140.288,,,1.41865,447.575,1.41865,1107.416,,,,,,,,,,,,,,,1.41865,810.781,1.41865,493.322,1.41865,212.433,,,,,,,1.41865,26.639,1.41865,511.576,1.41865,243.727,,,,,,,1.41865,329.189,,,1.41865,278.239,1.41865,509.440,,,,,1.41865,151.812,,,,,,,1.41865,469.493,1.41865,152.822,,,,,,,,,,,,,1.41865,15.069,1.41865,504.870
,,,,,,,,1.45089,0.990,1.45089,619.823,1.45089,276.030,1.45089,869.039,,,,,,,1.45089,203.411,,,1.45089,94.770,1.45089,177.657,,,1.45089,1179.159,,,,,1.45089,385.102,1.45089,179.185,1.45089,2112.795,1.45089,53.194,1.45089,695.483,,,,,1.45089,400.702,,,1.45089,74.176,1.45089,6.646,,,,,,,1.45089,374.909,,,1.45089,239.646,,,,,1.45089,1452.934,1.45089,456.353,1.45089,1057.325,,,1.45089,341.228,,,,,1.45089,64.375,,,1.45089,1610.246,,,,,,,,,,,1.45089,879.606,,,1.45089,420.065,,,,,,,,,,,,,,,,,1.45089,1210.995,1.45089,387.178,1.45089,959.800,,,,,,,1.45089,58.185,1.45089,427.409,1.45089,170.816,,,,,,,1.45089,309.927,,,1.45089,252.830,1.45089,1279.549,,,,,1.45089,210.798,,,,,,,1.45089,391.344,1.45089,92.392,,,,,,,,,,,,,1.45089,20.317,1.45089,632.174
,,,,,,,,1.48313,49.896,1.48313,630.609,1.48313,200.876,1.48313,847.991,,,,,,,1.48313,150.488,,,1.48313,141.916,1.48313,250.995,,,1.48313,880.537,,,,,1.48313,630.150,,,1.48313,2694.907,1.48313,149.405,1.48313,748.133,,,,,1.48313,328.283,,,1.48313,70.065,1.48313,4.160,,,,,,,1.48313,322.355,,,1.48313,324.330,,,,,1.48313,1749.388,1.48313,571.222,1.48313,915.663,,,1.48313,359.549,,,,,1.48313,0.000,,,1.48313,1330.508,,,,,,,,,,,1.48313,623.919,,,1.48313,356.736,,,,,,,,,,,,,,,,,1.48313,1599.280,1.48313,352.696,1.48313,2065.383,,,,,,,1.48313,71.082,1.48313,360.041,1.48313,93.024,,,,,,,1.48313,208.134,,,1.48313,204.167,1.48313,2331.286,,,,,1.48313,251.280,,,,,,,1.48313,291.283,1.48313,31.990,,,,,,,,,,,,,1.48313,22.291,1.48313,596.449
,,,,,,,,1.51538,111.691,1.51538,626.704,1.51538,151.372,1.51538,771.173,,,,,,,1.51538,164.634,,,1.51538,242.325,1.51538,304.734,,,1.51538,583.567,,,,,1.51538,837.971,,,1.51538,2915.916,1.51538,301.709,1.51538,698.951,,,,,1.51538,244.686,,,1.51538,73.527,,,,,,,,,1.51538,318.121,,,1.51538,404.748,,,,,1.51538,1695.133,1.51538,623.496,1.51538,637.831,,,1.51538,472.024,,,,,1.51538,0.000,,,1.51538,963.402,,,,,,,,,,,1.51538,448.061,,,1.51538,306.813,,,,,,,,,,,,,,,,,1.51538,1903.293,1.51538,398.226,1.51538,3218.967,,,,,,,1.51538,61.299,1.51538,284.625,1.51538,64.273,,,,,,,1.51538,112.384,,,1.51538,199.157,1.51538,3481.929,,,,,1.51538,280.145,,,,,,,1.51538,202.607,1.51538,4.361,,,,,,,,,,,,,,,1.51538,447.535
,,,,,,,,1.54762,137.289,1.54762,614.907,1.54762,136.778,1.54762,669.535,,,,,,,1.54762,163.093,,,1.54762,344.716,1.54762,328.491,,,1.54762,353.824,,,,,1.54762,940.519,,,1.54762,2663.465,1.54762,449.120,1.54762,567.739,,,,,,,,,1.54762,158.765,,,,,,,,,,,,,1.54762,435.100,,,,,1.54762,1385.537,1.54762,624.799,1.54762,325.603,,,1.54762,671.656,,,,,,,,,1.54762,599.680,,,,,,,,,,,1.54762,343.558,,,,,,,,,,,,,,,,,,,,,,,1.54762,490.720,1.54762,4005.567,,,,,,,1.54762,43.979,1.54762,201.969,1.54762,82.921,,,,,,,1.54762,62.958,,,1.54762,250.486,1.54762,4392.587,,,,,1.54762,293.892,,,,,,,1.54762,137.375,1.54762,34.787,,,,,,,,,,,,,,,1.54762,318.043
,,,,,,,,,,1.57986,599.540,1.57986,149.036,1.57986,596.046,,,,,,,1.57986,139.482,,,1.57986,414.043,1.57986,322.584,,,1.57986,242.743,,,,,1.57986,890.443,,,1.57986,2036.162,1.57986,520.888,1.57986,414.786,,,,,,,,,1.57986,303.976,,,,,,,,,,,,,1.57986,382.164,,,,,1.57986,1006.939,1.57986,594.507,1.57986,177.481,,,1.57986,858.829,,,,,,,,,1.57986,399.599,,,,,,,,,,,1.57986,269.850,,,,,,,,,,,,,,,,,,,,,,,1.57986,583.816,1.57986,4120.750,,,,,,,1.57986,57.662,1.57986,130.299,1.57986,135.625,,,,,,,1.57986,14.317,,,1.57986,292.901,1.57986,4729.290,,,,,1.57986,268.578,,,,,,,1.57986,111.817,1.57986,217.258,,,,,,,,,,,,,,,1.57986,229.856
,,,,,,,,,,1.61210,574.832,1.61210,160.246,1.61210,560.466,,,,,,,1.61210,117.154,,,1.61210,432.618,1.61210,302.128,,,1.61210,218.751,,,,,1.61210,662.882,,,1.61210,1313.540,,,1.61210,283.516,,,,,,,,,1.61210,412.602,,,,,,,,,,,,,1.61210,263.157,,,,,1.61210,712.123,1.61210,548.387,1.61210,171.466,,,1.61210,1006.737,,,,,,,,,1.61210,386.849,,,,,,,,,,,1.61210,229.188,,,,,,,,,,,,,,,,,,,,,,,1.61210,640.474,1.61210,3539.500,,,,,,,1.61210,195.005,1.61210,95.620,1.61210,207.066,,,,,,,,,,,1.61210,258.417,1.61210,4319.555,,,,,1.61210,199.663,,,,,,,1.61210,102.952,1.61210,452.516,,,,,,,,,,,,,,,,
,,,,,,,,,,1.64435,529.410,1.64435,155.837,,,,,,,,,1.64435,121.743,,,1.64435,367.253,1.64435,295.944,,,1.64435,213.774,,,,,1.64435,349.172,,,,,,,1.64435,227.953,,,,,,,,,1.64435,422.244,,,,,,,,,,,,,,,,,,,,,1.64435,495.373,1.64435,242.945,,,1.64435,1069.476,,,,,,,,,1.64435,418.342,,,,,,,,,,,1.64435,241.077,,,,,,,,,,,,,,,,,,,,,,,1.64435,638.649,1.64435,2484.133,,,,,,,1.64435,490.202,1.64435,89.472,1.64435,254.838,,,,,,,,,,,1.64435,145.098,1.64435,3219.914,,,,,,,,,,,,,1.64435,58.670,1.64435,658.168,,,,,,,,,,,,,,,,
,,,,,,,,,,1.67659,450.546,1.67659,128.187,,,,,,,,,1.67659,150.513,,,1.67659,249.923,,,,,1.67659,244.625,,,,,1.67659,80.394,,,,,,,1.67659,263.108,,,,,,,,,1.67659,365.585,,,,,,,,,,,,,,,,,,,,,1.67659,440.484,1.67659,322.838,,,1.67659,1037.425,,,,,,,,,1.67659,374.337,,,,,,,,,,,1.67659,242.071,,,,,,,,,,,,,,,,,,,,,,,1.67659,612.107,1.67659,1321.200,,,,,,,1.67659,696.463,1.67659,117.670,,,,,,,,,,,,,1.67659,59.166,,,,,,,,,,,,,,,1.67659,22.512,1.67659,815.803,,,,,,,,,,,,,,,,
,,,,,,,,,,1.70883,366.425,1.70883,97.164,,,,,,,,,,,,,1.70883,144.480,,,,,1.70883,284.811,,,,,1.70883,8.165,,,,,,,1.70883,342.200,,,,,,,,,1.70883,374.912,,,,,,,,,,,,,,,,,,,,,1.70883,402.354,1.70883,334.664,,,1.70883,901.863,,,,,,,,,1.70883,253.618,,,,,,,,,,,1.70883,231.114,,,,,,,,,,,,,,,,,,,,,,,1.70883,593.327,1.70883,394.533,,,,,,,1.70883,705.021,1.70883,138.629,,,,,,,,,,,,,1.70883,68.661,,,,,,,,,,,,,,,1.70883,64.837,1.70883,949.810,,,,,,,,,,,,,,,,
,,,,,,,,,,1.74107,303.132,,,,,,,,,,,,,,,1.74107,123.497,,,,,1.74107,339.421,,,,,1.74107,0.281,,,,,,,1.74107,445.695,,,,,,,,,,,,,,,,,,,,,,,,,,,,,,,1.74107,411.235,,,,,1.74107,712.401,,,,,,,,,1.74107,130.411,,,,,,,,,,,1.74107,232.069,,,,,,,,,,,,,,,,,,,,,,,1.74107,597.690,1.74107,55.267,,,,,,,1.74107,548.432,1.74107,116.017,,,,,,,,,,,,,,,,,,,,,,,,,,,,,1.74107,116.425,1.74107,1068.667,,,,,,,,,,,,,,,,
,,,,,,,,,,,,,,,,,,,,,,,,,,1.77331,168.593,,,,,1.77331,399.961,,,,,1.77331,21.871,,,,,,,1.77331,539.840,,,,,,,,,,,,,,,,,,,,,,,,,,,,,,,1.77331,453.220,,,,,1.77331,520.585,,,,,,,,,,,,,,,,,,,,,,,,,,,,,,,,,,,,,,,,,,,,,1.77331,596.327,1.77331,49.700,,,,,,,1.77331,338.059,1.77331,85.130,,,,,,,,,,,,,,,,,,,,,,,,,,,,,,,,,,,,,,,,,,,,,,,,
,,,,,,,,,,,,,,,,,,,,,,,,,,1.80556,272.104,,,,,1.80556,461.179,,,,,1.80556,120.011,,,,,,,1.80556,605.134,,,,,,,,,,,,,,,,,,,,,,,,,,,,,,,,,,,,,1.80556,395.037,,,,,,,,,,,,,,,,,,,,,,,,,,,,,,,,,,,,,,,,,,,,,,,1.80556,28.500,,,,,,,1.80556,195.025,1.80556,69.834,,,,,,,,,,,,,,,,,,,,,,,,,,,,,,,,,,,,,,,,,,,,,,,,
,,,,,,,,,,,,,,,,,,,,,,,,,,1.83780,358.190,,,,,1.83780,499.989,,,,,1.83780,246.476,,,,,,,1.83780,607.579,,,,,,,,,,,,,,,,,,,,,,,,,,,,,,,,,,,,,1.83780,308.462,,,,,,,,,,,,,,,,,,,,,,,,,,,,,,,,,,,,,,,,,,,,,,,1.83780,1.233,,,,,,,1.83780,156.777,,,,,,,,,,,,,,,,,,,,,,,,,,,,,,,,,,,,,,,,,,,,,,,,,,
,,,,,,,,,,,,,,,,,,,,,,,,,,,,,,,,1.87004,514.490,,,,,,,,,,,,,1.87004,527.477,,,,,,,,,,,,,,,,,,,,,,,,,,,,,,,,,,,,,1.87004,244.878,,,,,,,,,,,,,,,,,,,,,,,,,,,,,,,,,,,,,,,,,,,,,,,1.87004,5.100,,,,,,,1.87004,136.579,,,,,,,,,,,,,,,,,,,,,,,,,,,,,,,,,,,,,,,,,,,,,,,,,,
,,,,,,,,,,,,,,,,,,,,,,,,,,,,,,,,,,,,,,,,,,,,,,1.90228,399.588,,,,,,,,,,,,,,,,,,,,,,,,,,,,,,,,,,,,,1.90228,224.867,,,,,,,,,,,,,,,,,,,,,,,,,,,,,,,,,,,,,,,,,,,,,,,1.90228,102.917,,,,,,,1.90228,92.680,,,,,,,,,,,,,,,,,,,,,,,,,,,,,,,,,,,,,,,,,,,,,,,,,,
,,,,,,,,,,,,,,,,,,,,,,,,,,,,,,,,,,,,,,,,,,,,,,1.93452,271.818,,,,,,,,,,,,,,,,,,,,,,,,,,,,,,,,,,,,,1.93452,204.439,,,,,,,,,,,,,,,,,,,,,,,,,,,,,,,,,,,,,,,,,,,,,,,1.93452,261.450,,,,,,,1.93452,54.010,,,,,,,,,,,,,,,,,,,,,,,,,,,,,,,,,,,,,,,,,,,,,,,,,,
,,,,,,,,,,,,,,,,,,,,,,,,,,,,,,,,,,,,,,,,,,,,,,1.96677,195.569,,,,,,,,,,,,,,,,,,,,,,,,,,,,,,,,,,,,,,,,,,,,,,,,,,,,,,,,,,,,,,,,,,,,,,,,,,,,,,,,,,,,,1.96677,461.517,,,,,,,1.96677,14.931,,,,,,,,,,,,,,,,,,,,,,,,,,,,,,,,,,,,,,,,,,,,,,,,,,
,,,,,,,,,,,,,,,,,,,,,,,,,,,,,,,,,,,,,,,,,,,,,,1.99901,167.372,,,,,,,,,,,,,,,,,,,,,,,,,,,,,,,,,,,,,,,,,,,,,,,,,,,,,,,,,,,,,,,,,,,,,,,,,,,,,,,,,,,,,1.99901,640.567,,,,,,,,,,,,,,,,,,,,,,,,,,,,,,,,,,,,,,,,,,,,,,,,,,,,,,,,,,
,,,,,,,,,,,,,,,,,,,,,,,,,,,,,,,,,,,,,,,,,,,,,,2.03125,145.862,,,,,,,,,,,,,,,,,,,,,,,,,,,,,,,,,,,,,,,,,,,,,,,,,,,,,,,,,,,,,,,,,,,,,,,,,,,,,,,,,,,,,2.03125,710.783,,,,,,,,,,,,,,,,,,,,,,,,,,,,,,,,,,,,,,,,,,,,,,,,,,,,,,,,,,
,,,,,,,,,,,,,,,,,,,,,,,,,,,,,,,,,,,,,,,,,,,,,,2.06349,118.738,,,,,,,,,,,,,,,,,,,,,,,,,,,,,,,,,,,,,,,,,,,,,,,,,,,,,,,,,,,,,,,,,,,,,,,,,,,,,,,,,,,,,,,,,,,,,,,,,,,,,,,,,,,,,,,,,,,,,,,,,,,,,,,,,,,,,,,,,,,,,,,,
,,,,,,,,,,,,,,,,,,,,,,,,,,,,,,,,,,,,,,,,,,,,,,2.09573,71.102,,,,,,,,,,,,,,,,,,,,,,,,,,,,,,,,,,,,,,,,,,,,,,,,,,,,,,,,,,,,,,,,,,,,,,,,,,,,,,,,,,,,,,,,,,,,,,,,,,,,,,,,,,,,,,,,,,,,,,,,,,,,,,,,,,,,,,,,,,,,,,,,
