Distance_(microns),Value,X1,Y1,X2,Y2,X3,Y3,X4,Y4,X5,Y5,X6,Y6,X7,Y7,X8,Y8,X9,Y9,X10,Y10,X11,Y11,X12,Y12,X13,Y13,X14,Y14,X15,Y15,X16,Y16,X17,Y17,X18,Y18,X19,Y19,X20,Y20,X21,Y21,X22,Y22,X23,Y23,X24,Y24,X25,Y25,X26,Y26,X27,Y27,X28,Y28,X29,Y29,X30,Y30,X31,Y31,X32,Y32,X33,Y33,X34,Y34,X35,Y35,X36,Y36,X37,Y37,X38,Y38,X39,Y39,X40,Y40,X41,Y41,X42,Y42,X43,Y43,X44,Y44,X45,Y45,X46,Y46,X47,Y47,X48,Y48,X49,Y49,X50,Y50,X51,Y51,X52,Y52,X53,Y53,X54,Y54,X55,Y55,X56,Y56,X57,Y57,X58,Y58,X59,Y59,X60,Y60,X61,Y61,X62,Y62,X63,Y63,X64,Y64,X65,Y65,X66,Y66,X67,Y67,X68,Y68,X69,Y69,X70,Y70,X71,Y71,X72,Y72,X73,Y73,X74,Y74,X75,Y75,X76,Y76,X77,Y77,X78,Y78,X79,Y79,X80,Y80,X81,Y81,X82,Y82,X83,Y83,X84,Y84,X85,Y85,X86,Y86
0.00000,362.369,0.00000,1987.410,0.00000,4347.419,0.00000,6825.443,0.00000,3076.800,0.000000,0.000,0.00000,1058.181,0.000000,2186.002,0.00000,551.870,0.000000,3013.681,0.00000,2376.437,0.00000,489.463,0.00000,757.767,0.00000,5191.210,0.000000,3537.130,0.000000,9730.791,0.000000,3318.920,0.00000,869.168,0.00000,4045.933,0.000000,3305.846,0.00000,787.534,0.000000,0.489,0.00000,2898.291,0.000000,7392.255,0.00000,3360.004,0.00000,2037.989,0.00000,2768.698,0.00000,2188.662,0.00000,3157.388,0.000000,4132.760,0.00000,406.371,0.00000,6521.663,0.00000,8698.089,0.00000,7474.104,0.00000,285.904,0.00000,272.401,0.00000,1803.710,0.00000,2091.400,0.00000,1425.528,0.000000,1423.575,0.000000,1642.267,0.00000,357.374,0.000000,1331.341,0.00000,1436.114,0.00000,4052.742,0.00000,5583.311,0.00000,3999.021,0.00000,729.765,0.00000,2110.740,0.00000,570.167,0.00000,2549.156,0.00000,442.168,0.00000,4938.841,0.00000,3806.554,0.00000,3381.078,0.00000,4196.166,0.00000,1203.050,0.00000,4682.464,0.00000,496.439,0.00000,2556.906,0.00000,2154.516,0.00000,2121.059,0.00000,352.471,0.00000,782.698,0.00000,97.129,0.00000,1303.815,0.00000,1540.647,0.00000,6332.666,0.00000,6606.133,0.00000,0.009,0.00000,4964.773,0.00000,922.637,0.00000,2259.958,0.00000,2923.348,0.00000,3655.090,0.00000,2686.763,0.00000,2576.903,0.00000,2308.805,0.00000,1803.815,0.000000,663.540,0.00000,3080.357,0.000000,2520.506,0.00000,1854.842,0.000000,3581.499,0.00000,2647.280,0.000000,601.157,0.00000,1754.265
0.03224,454.792,0.03224,2517.938,0.03224,5096.138,0.03224,8424.750,0.03224,3655.200,0.032242,1.084,0.03224,1638.106,0.032242,2937.083,0.03224,1446.775,0.032242,3988.325,0.03224,2829.119,0.03224,215.878,0.03224,1081.800,0.03224,6129.209,0.032242,4258.020,0.032242,9855.603,0.032242,3930.624,0.03224,489.273,0.03224,5562.733,0.032242,3635.866,0.03224,1793.703,0.032242,0.000,0.03224,3477.638,0.032242,8222.841,0.03224,3188.283,0.03224,3060.005,0.03224,4179.722,0.03224,2719.154,0.03224,4214.732,0.032242,4423.898,0.03224,420.898,0.03224,7488.516,0.03224,9191.791,0.03224,7863.432,0.03224,616.867,0.03224,246.927,0.03224,2158.625,0.03224,2205.345,0.03224,1829.719,0.032242,1842.141,0.032242,1721.584,0.03224,650.892,0.032242,1637.979,0.03224,2269.788,0.03224,5355.546,0.03224,6382.204,0.03224,3944.974,0.03224,598.205,0.03224,2548.252,0.03224,1134.497,0.03224,2898.943,0.03224,279.430,0.03224,4957.853,0.03224,3945.245,0.03224,4554.898,0.03224,4582.535,0.03224,1815.041,0.03224,4541.833,0.03224,334.991,0.03224,3372.761,0.03224,2132.573,0.03224,2188.623,0.03224,651.426,0.03224,1488.055,0.03224,363.343,0.03224,1994.352,0.03224,2277.033,0.03224,6147.362,0.03224,7555.273,0.03224,15.178,0.03224,6493.741,0.03224,960.166,0.03224,2462.409,0.03224,3248.450,0.03224,4470.846,0.03224,4341.215,0.03224,3132.368,0.03224,2822.555,0.03224,2283.459,0.032242,1473.401,0.03224,3519.833,0.032242,2369.201,0.03224,1957.210,0.032242,4124.994,0.03224,2884.385,0.032242,1402.409,0.03224,2031.368
0.06448,497.105,0.06448,3056.501,0.06448,6059.194,0.06448,9201.440,0.06448,4678.500,0.064484,122.355,0.06448,2374.343,0.064484,3509.398,0.06448,2420.404,0.064484,4854.058,0.06448,2983.811,0.06448,76.041,0.06448,1781.167,0.06448,6949.822,0.064484,5084.654,0.064484,9212.721,0.064484,5031.073,0.06448,395.676,0.06448,6558.200,0.064484,4232.816,0.06448,2756.170,0.064484,4.454,0.06448,4044.385,0.064484,8939.661,0.06448,2587.241,0.06448,4221.615,0.06448,5522.515,0.06448,3442.254,0.06448,4937.843,0.064484,4325.554,0.06448,459.511,0.06448,8769.816,0.06448,8983.331,0.06448,8682.674,0.06448,1079.560,0.06448,635.102,0.06448,2794.785,0.06448,2222.988,0.06448,2135.372,0.064484,2139.159,0.064484,1863.036,0.06448,1008.623,0.064484,2163.886,0.06448,3313.604,0.06448,6761.986,0.06448,6648.796,0.06448,3944.937,0.06448,536.583,0.06448,2890.427,0.06448,2017.340,0.06448,3481.910,0.06448,179.524,0.06448,4936.457,0.06448,3676.355,0.06448,5574.819,0.06448,4733.880,0.06448,2083.594,0.06448,4393.122,0.06448,259.985,0.06448,4105.596,0.06448,2171.793,0.06448,2173.287,0.06448,1475.120,0.06448,2354.145,0.06448,767.059,0.06448,3105.565,0.06448,3025.490,0.06448,5162.299,0.06448,8410.905,0.06448,159.320,0.06448,8293.522,0.06448,1484.456,0.06448,2745.017,0.06448,3510.138,0.06448,5232.448,0.06448,6183.428,0.06448,3691.375,0.06448,3271.838,0.06448,2724.070,0.064484,2290.218,0.06448,4074.876,0.064484,2281.306,0.06448,2377.732,0.064484,4550.843,0.06448,2970.069,0.064484,2040.883,0.06448,2224.276
0.09673,459.456,0.09673,3253.305,0.09673,7435.259,0.09673,9339.890,0.09673,5794.967,0.096726,585.732,0.09673,3356.070,0.096726,3964.062,0.09673,2990.582,0.096726,5228.094,0.09673,3166.434,0.09673,59.854,0.09673,2970.033,0.09673,7846.832,0.096726,5962.276,0.096726,7982.924,0.096726,5941.304,0.09673,639.601,0.09673,6933.233,0.096726,4933.415,0.09673,3359.276,0.096726,32.677,0.09673,4392.504,0.096726,9465.035,0.09673,1663.066,0.09673,5461.328,0.09673,6578.249,0.09673,4077.568,0.09673,5270.524,0.096726,4093.210,0.09673,484.789,0.09673,10116.498,0.09673,8324.302,0.09673,9947.364,0.09673,1584.635,0.09673,1257.586,0.09673,3747.476,0.09673,2245.512,0.09673,2540.364,0.096726,2212.154,0.096726,1982.920,0.09673,1208.703,0.096726,2888.258,0.09673,4399.598,0.09673,8145.798,0.09673,6250.894,0.09673,3821.993,0.09673,417.251,0.09673,3302.327,0.09673,2994.992,0.09673,4167.625,0.09673,119.134,0.09673,4843.876,0.09673,3218.173,0.09673,6448.353,0.09673,4593.954,0.09673,2031.730,0.09673,4572.842,0.09673,285.904,0.09673,4688.522,0.09673,2225.655,0.09673,2090.821,0.09673,2505.379,0.09673,3322.421,0.09673,1335.746,0.09673,4466.528,0.09673,3578.724,0.09673,4014.989,0.09673,9255.286,0.09673,574.797,0.09673,9944.684,0.09673,3075.541,0.09673,2820.796,0.09673,3883.096,0.09673,6233.180,0.09673,8119.259,0.09673,4243.083,0.09673,3681.593,0.09673,3237.598,0.096726,2917.682,0.09673,4606.750,0.096726,2394.562,0.09673,3195.303,0.096726,4779.229,0.09673,2989.685,0.096726,2550.534,0.09673,2211.132
0.12897,367.632,0.12897,3145.453,0.12897,8855.796,0.12897,9671.627,0.12897,6567.367,0.128968,1065.404,0.12897,4409.866,0.128968,4335.693,0.12897,3222.419,0.128968,4989.066,0.12897,3620.389,0.12897,59.787,0.12897,4363.100,0.12897,8689.786,0.128968,7078.055,0.128968,6452.669,0.128968,6175.459,0.12897,1110.585,0.12897,6908.583,0.128968,5486.574,0.12897,3804.175,0.128968,105.895,0.12897,4528.428,0.128968,9726.282,0.12897,811.947,0.12897,6829.800,0.12897,7352.796,0.12897,4221.157,0.12897,5319.439,0.128968,3927.907,0.12897,492.825,0.12897,11203.200,0.12897,7534.921,0.12897,10772.307,0.12897,2050.204,0.12897,1865.571,0.12897,4776.441,0.12897,2290.166,0.12897,3160.661,0.128968,2193.594,0.128968,1928.279,0.12897,1309.190,0.128968,3602.461,0.12897,5325.145,0.12897,9340.497,0.12897,5535.056,0.12897,3527.305,0.12897,258.525,0.12897,3770.743,0.12897,3625.198,0.12897,4630.838,0.12897,193.384,0.12897,4675.806,0.12897,2847.334,0.12897,6997.397,0.12897,4355.989,0.12897,1912.854,0.12897,4977.334,0.12897,389.716,0.12897,5105.875,0.12897,2175.707,0.12897,2035.057,0.12897,3369.715,0.12897,3873.320,0.12897,1866.137,0.12897,5683.563,0.12897,4007.840,0.12897,3330.401,0.12897,10022.691,0.12897,1184.730,0.12897,10774.968,0.12897,6000.124,0.12897,2682.810,0.12897,4449.805,0.12897,7573.538,0.12897,9790.532,0.12897,4771.045,0.12897,4126.318,0.12897,3844.482,0.128968,3239.943,0.12897,4844.015,0.128968,2710.190,0.12897,4009.071,0.128968,4818.302,0.12897,2851.008,0.128968,2959.743,0.12897,1902.226
0.16121,301.329,0.16121,3183.971,0.16121,9968.521,0.16121,10632.847,0.16121,6874.133,0.161210,1483.657,0.16121,5174.850,0.161210,4872.564,0.16121,3584.013,0.161210,4565.442,0.16121,4155.102,0.16121,35.694,0.16121,5407.533,0.16121,9282.859,0.161210,8198.423,0.161210,4980.523,0.161210,5742.000,0.16121,1571.629,0.16121,6483.383,0.161210,5729.716,0.16121,4366.570,0.161210,165.286,0.16121,4368.724,0.161210,9829.982,0.16121,412.114,0.16121,8055.317,0.16121,7911.459,0.16121,3801.670,0.16121,5196.691,0.161210,3822.288,0.16121,502.875,0.16121,11589.324,0.16121,7060.088,0.16121,11052.570,0.16121,2510.058,0.16121,2323.002,0.16121,5597.996,0.16121,2348.694,0.16121,3882.160,0.161210,2236.862,0.161210,1762.016,0.16121,1443.672,0.161210,4089.311,0.16121,5960.415,0.16121,10367.025,0.16121,4968.203,0.16121,3330.292,0.16121,114.558,0.16121,4116.561,0.16121,3728.557,0.16121,4786.353,0.16121,299.380,0.16121,4485.107,0.16121,2638.424,0.16121,7174.937,0.16121,4278.870,0.16121,1865.713,0.16121,5275.146,0.16121,625.604,0.16121,5365.704,0.16121,2029.510,0.16121,2125.961,0.16121,3708.394,0.16121,3828.210,0.16121,2312.500,0.16121,6530.386,0.16121,4427.204,0.16121,3088.075,0.16121,10302.078,0.16121,1842.956,0.16121,10789.488,0.16121,9553.094,0.16121,2557.329,0.16121,5118.984,0.16121,8946.588,0.16121,10820.054,0.16121,5106.052,0.16121,4753.935,0.16121,4360.758,0.161210,3457.808,0.16121,4927.160,0.161210,3049.276,0.16121,4323.196,0.161210,4726.108,0.16121,2424.249,0.161210,3215.160,0.16121,1333.256
0.19345,302.899,0.19345,3720.630,0.19345,10730.546,0.19345,11700.186,0.19345,6983.250,0.193452,1810.125,0.19345,5323.702,0.193452,5595.959,0.19345,4134.212,0.193452,4189.417,0.19345,4443.981,0.19345,28.303,0.19345,5843.033,0.19345,9251.941,0.193452,8503.090,0.193452,3718.728,0.193452,4914.665,0.19345,1837.504,0.19345,5495.800,0.193452,5508.100,0.19345,5328.927,0.193452,149.563,0.19345,4032.722,0.193452,9762.450,0.19345,372.153,0.19345,8864.677,0.19345,8186.825,0.19345,3153.254,0.19345,4958.282,0.193452,3658.307,0.19345,544.278,0.19345,11396.378,0.19345,6875.015,0.19345,10725.136,0.19345,2873.524,0.19345,2708.335,0.19345,6242.920,0.19345,2379.940,0.19345,4479.800,0.193452,2367.098,0.193452,1723.530,0.19345,1580.687,0.193452,4271.318,0.19345,6297.554,0.19345,11243.594,0.19345,4678.656,0.19345,3093.802,0.19345,103.594,0.19345,4290.527,0.19345,3542.938,0.19345,4799.083,0.19345,283.271,0.19345,4403.238,0.19345,2187.659,0.19345,7043.194,0.19345,4377.482,0.19345,1755.523,0.19345,5350.136,0.19345,1387.118,0.19345,5535.481,0.19345,1925.077,0.19345,2160.747,0.19345,3494.841,0.19345,3479.075,0.19345,2866.013,0.19345,6968.966,0.19345,4763.958,0.19345,2759.561,0.19345,10114.132,0.19345,2255.817,0.19345,10370.693,0.19345,12348.383,0.19345,2828.264,0.19345,5724.516,0.19345,9722.153,0.19345,11111.063,0.19345,4954.249,0.19345,5515.097,0.19345,4740.278,0.193452,3897.791,0.19345,4938.533,0.193452,3180.498,0.19345,4182.051,0.193452,4523.539,0.19345,1689.328,0.193452,3228.857,0.19345,686.278
0.22569,312.524,0.22569,4578.130,0.22569,11141.439,0.22569,11925.937,0.22569,7142.400,0.225694,2110.167,0.22569,4924.862,0.225694,6540.995,0.22569,4702.793,0.225694,3840.615,0.22569,4426.079,0.22569,104.059,0.22569,6016.633,0.22569,8437.246,0.225694,7939.109,0.225694,2801.687,0.225694,4066.633,0.22569,1947.227,0.22569,3948.900,0.225694,4977.249,0.22569,6511.978,0.225694,66.222,0.22569,3539.756,0.225694,9368.792,0.22569,307.093,0.22569,9204.788,0.22569,8048.632,0.22569,2734.239,0.22569,4581.022,0.225694,3417.208,0.22569,682.086,0.22569,11121.333,0.22569,6649.681,0.22569,10327.827,0.22569,2936.880,0.22569,3036.363,0.22569,6919.105,0.22569,2419.379,0.22569,4813.386,0.225694,2544.703,0.225694,1847.381,0.22569,1628.437,0.225694,4211.115,0.22569,6409.307,0.22569,11958.980,0.22569,4463.839,0.22569,2429.542,0.22569,211.911,0.22569,4490.696,0.22569,3414.289,0.22569,4753.401,0.22569,293.675,0.22569,4437.252,0.22569,1476.597,0.22569,6801.691,0.22569,4315.615,0.22569,1502.554,0.22569,5282.050,0.22569,3103.573,0.22569,5594.218,0.22569,1898.861,0.22569,1810.360,0.22569,3076.059,0.22569,3386.220,0.22569,3495.481,0.22569,7059.474,0.22569,4847.357,0.22569,1948.279,0.22569,9840.094,0.22569,2415.601,0.22569,9889.497,0.22569,13678.085,0.22569,3337.055,0.22569,6062.533,0.22569,9875.053,0.22569,10899.011,0.22569,4283.115,0.22569,6226.360,0.22569,5045.330,0.225694,4702.251,0.22569,5012.461,0.225694,3132.303,0.22569,3983.512,0.225694,4355.132,0.22569,853.192,0.225694,3346.793,0.22569,220.876
0.25794,283.369,0.25794,5188.846,0.25794,11166.836,0.25794,11242.075,0.25794,7397.983,0.257937,2537.920,0.25794,4492.279,0.257937,7521.120,0.25794,5492.417,0.257937,3319.502,0.25794,4247.366,0.25794,329.871,0.25794,6361.600,0.25794,7301.954,0.257937,7040.564,0.257937,2060.695,0.257937,3263.553,0.25794,2083.627,0.25794,2135.750,0.257937,4582.202,0.25794,7615.403,0.257937,44.072,0.25794,2841.150,0.257937,8555.963,0.25794,218.238,0.25794,9129.756,0.25794,7438.851,0.25794,2724.677,0.25794,4046.777,0.257937,3081.584,0.25794,1016.517,0.25794,11132.172,0.25794,6037.430,0.25794,9925.529,0.25794,2683.036,0.25794,3218.063,0.25794,7451.741,0.25794,2419.851,0.25794,5017.827,0.257937,2811.256,0.257937,1949.824,0.25794,1631.365,0.257937,4088.863,0.25794,6377.198,0.25794,12342.299,0.25794,4129.456,0.25794,1399.699,0.25794,365.974,0.25794,4865.745,0.25794,3486.644,0.25794,4737.196,0.25794,542.088,0.25794,4470.553,0.25794,952.565,0.25794,6421.200,0.25794,3719.646,0.25794,1092.906,0.25794,5023.206,0.25794,5451.653,0.25794,5359.691,0.25794,1787.990,0.25794,1180.205,0.25794,2801.800,0.25794,3751.393,0.25794,4106.520,0.25794,6914.459,0.25794,4619.124,0.25794,984.009,0.25794,9318.048,0.25794,2300.196,0.25794,9177.633,0.25794,13896.057,0.25794,3778.852,0.25794,6149.937,0.25794,9743.743,0.25794,10422.027,0.25794,3422.076,0.25794,6788.382,0.25794,5248.679,0.257937,5664.627,0.25794,4947.918,0.257937,3096.543,0.25794,3811.805,0.257937,4237.984,0.25794,323.198,0.257937,3878.721,0.25794,60.272
0.29018,284.011,0.29018,5405.161,0.29018,10635.538,0.29018,10154.633,0.29018,7530.933,0.290179,3050.102,0.29018,4399.045,0.290179,8341.713,0.29018,6514.291,0.290179,2738.492,0.29018,3980.815,0.29018,565.474,0.29018,6911.333,0.29018,6152.920,0.290179,6491.966,0.290179,1473.709,0.290179,2523.659,0.29018,2414.967,0.29018,640.817,0.290179,4653.898,0.29018,8117.146,0.290179,35.547,0.29018,1917.065,0.290179,7496.626,0.29018,221.145,0.29018,8901.710,0.29018,6517.340,0.29018,2992.899,0.29018,3416.800,0.290179,2661.378,0.29018,1524.076,0.29018,11288.127,0.29018,4990.232,0.29018,9472.194,0.29018,2324.201,0.29018,3176.352,0.29018,7643.276,0.29018,2301.822,0.29018,5354.400,0.290179,3168.681,0.290179,1919.731,0.29018,1661.243,0.290179,3988.454,0.29018,6100.896,0.29018,12207.126,0.29018,3646.634,0.29018,522.393,0.29018,601.462,0.29018,5336.998,0.29018,3821.386,0.29018,4635.253,0.29018,1113.461,0.29018,4406.488,0.29018,582.602,0.29018,5527.981,0.29018,2684.957,0.29018,645.937,0.29018,4518.091,0.29018,7710.973,0.29018,4727.986,0.29018,1423.916,0.29018,595.890,0.29018,2616.124,0.29018,4199.114,0.29018,4694.859,0.29018,6628.805,0.29018,4213.560,0.29018,401.612,0.29018,7925.282,0.29018,2012.849,0.29018,7998.281,0.29018,13725.852,0.29018,3879.968,0.29018,6072.828,0.29018,9529.940,0.29018,9528.177,0.29018,2696.086,0.29018,7118.090,0.29018,5223.228,0.290179,6450.267,0.29018,4527.532,0.290179,3221.501,0.29018,3354.282,0.290179,4101.476,0.29018,116.716,0.290179,4792.368,0.29018,36.324
0.32242,353.086,0.32242,5305.088,0.32242,9660.950,0.32242,8978.576,0.32242,7198.550,0.322421,3421.252,0.32242,4387.891,0.322421,8632.622,0.32242,7667.232,0.322421,2333.329,0.32242,3632.703,0.32242,646.185,0.32242,7334.233,0.32242,5104.317,0.322421,5898.059,0.322421,913.137,0.322421,1704.383,0.32242,2814.301,0.32242,90.150,0.322421,4787.743,0.32242,7758.777,0.322421,60.536,0.32242,951.128,0.322421,6349.266,0.32242,303.107,0.32242,8850.146,0.32242,5509.937,0.32242,3216.241,0.32242,2825.185,0.322421,2182.343,0.32242,2054.370,0.32242,11338.890,0.32242,3704.273,0.32242,8987.534,0.32242,2053.363,0.32242,2896.427,0.32242,7413.942,0.32242,2044.363,0.32242,5741.130,0.322421,3493.561,0.322421,1792.286,0.32242,1672.761,0.322421,3869.521,0.32242,5602.769,0.32242,11567.554,0.32242,3065.767,0.32242,138.476,0.32242,1034.523,0.32242,5696.361,0.32242,4319.810,0.32242,4319.527,0.32242,1817.687,0.32242,4233.028,0.32242,353.337,0.32242,4003.177,0.32242,1645.494,0.32242,228.946,0.32242,3978.727,0.32242,9297.135,0.32242,3991.109,0.32242,894.675,0.32242,313.101,0.32242,2291.809,0.32242,4456.890,0.32242,5328.263,0.32242,6251.429,0.32242,3778.077,0.32242,213.341,0.32242,5743.975,0.32242,1714.526,0.32242,6357.121,0.32242,13401.855,0.32242,3879.365,0.32242,5865.895,0.32242,9125.755,0.32242,8122.238,0.32242,2143.008,0.32242,7005.499,0.32242,4915.549,0.322421,7024.247,0.32242,3780.378,0.322421,3497.997,0.32242,2424.417,0.322421,3804.269,0.32242,33.513,0.322421,5755.219,0.32242,36.097
0.35466,337.140,0.35466,4831.439,0.35466,8397.182,0.35466,7719.344,0.35466,6185.667,0.354663,3407.272,0.35466,4029.214,0.354663,8380.462,0.35466,8368.077,0.354663,1996.377,0.35466,3237.412,0.35466,554.238,0.35466,7362.333,0.35466,4361.877,0.354663,4598.535,0.354663,388.523,0.354663,834.381,0.35466,3099.734,0.35466,48.083,0.354663,4668.199,0.35466,7037.458,0.354663,111.535,0.35466,403.261,0.354663,5071.316,0.35466,444.260,0.35466,9021.392,0.35466,4608.798,0.35466,3133.529,0.35466,2334.818,0.354663,1579.115,0.35466,2474.476,0.35466,11018.270,0.35466,2708.124,0.35466,8035.494,0.35466,1849.650,0.35466,2418.307,0.35466,6966.301,0.35466,1689.444,0.35466,5916.177,0.354663,3597.666,0.354663,1591.221,0.35466,1554.454,0.354663,3656.770,0.35466,5105.326,0.35466,10592.506,0.35466,2516.713,0.35466,6.007,0.35466,1741.947,0.35466,5913.331,0.35466,4796.488,0.35466,3814.365,0.35466,2394.014,0.35466,3915.572,0.35466,228.070,0.35466,2272.795,0.35466,859.678,0.35466,55.604,0.35466,3785.081,0.35466,9889.653,0.35466,3492.812,0.35466,427.726,0.35466,242.815,0.35466,1798.550,0.35466,4541.893,0.35466,5935.292,0.35466,5686.898,0.35466,3328.621,0.35466,139.288,0.35466,3676.171,0.35466,1619.057,0.35466,4574.960,0.35466,12590.053,0.35466,4020.221,0.35466,5404.813,0.35466,8368.468,0.35466,6563.759,0.35466,1637.500,0.35466,6278.450,0.35466,4460.663,0.354663,7567.528,0.35466,2888.094,0.354663,3739.642,0.35466,1332.199,0.354663,3374.868,0.35466,4.605,0.354663,6483.506,0.35466,42.179
0.38690,195.814,0.38690,3891.333,0.38690,7024.304,0.38690,6477.191,0.38690,4667.333,0.386905,2885.518,0.38690,3485.071,0.386905,7770.961,0.38690,8491.030,0.386905,1425.727,0.38690,2835.696,0.38690,350.796,0.38690,6964.000,0.38690,3867.678,0.386905,2738.775,0.386905,119.098,0.386905,246.026,0.38690,3239.584,0.38690,87.333,0.386905,4239.442,0.38690,6425.449,0.386905,189.821,0.38690,207.314,0.386905,3730.796,0.38690,567.018,0.38690,8829.396,0.38690,3860.665,0.38690,2667.896,0.38690,1973.045,0.386905,922.077,0.38690,2770.059,0.38690,10372.767,0.38690,2153.919,0.38690,6787.888,0.38690,1573.148,0.38690,1836.318,0.38690,6328.060,0.38690,1327.332,0.38690,5690.925,0.386905,3389.406,0.386905,1290.914,0.38690,1330.211,0.386905,3301.557,0.38690,4654.254,0.38690,9364.456,0.38690,2046.533,0.38690,8.664,0.38690,2537.713,0.38690,5895.458,0.38690,5047.688,0.38690,3113.352,0.38690,2839.194,0.38690,3366.390,0.38690,230.173,0.38690,1107.432,0.38690,457.817,0.38690,5.667,0.38690,4155.540,0.38690,9413.150,0.38690,3186.078,0.38690,179.608,0.38690,181.933,0.38690,1145.534,0.38690,4495.507,0.38690,6315.759,0.38690,4764.481,0.38690,2784.173,0.38690,59.447,0.38690,2509.483,0.38690,1779.091,0.38690,2986.947,0.38690,10882.987,0.38690,4314.086,0.38690,4630.725,0.38690,7202.147,0.38690,5430.717,0.38690,1229.834,0.38690,5044.274,0.38690,3930.355,0.386905,8010.778,0.38690,2099.470,0.386905,3835.246,0.38690,533.138,0.386905,2818.979,0.38690,12.177,0.386905,6956.893,0.38690,118.047
0.41915,86.660,0.41915,2732.007,0.41915,5811.727,0.41915,5616.854,0.41915,3010.367,0.419147,2005.381,0.41915,3192.767,0.419147,7075.503,0.41915,8481.189,0.419147,802.279,0.41915,2339.457,0.41915,253.947,0.41915,6215.267,0.41915,3369.013,0.419147,1194.608,0.419147,51.309,0.419147,16.077,0.41915,3389.204,0.41915,319.433,0.419147,3462.158,0.41915,6231.563,0.419147,237.881,0.41915,89.129,0.419147,2710.183,0.41915,780.794,0.41915,7852.713,0.41915,3169.032,0.41915,1952.645,0.41915,1657.836,0.419147,440.956,0.41915,2878.079,0.41915,9472.660,0.41915,2018.177,0.41915,5476.616,0.41915,1195.044,0.41915,1227.389,0.41915,5168.289,0.41915,1042.479,0.41915,5173.472,0.419147,2945.626,0.419147,900.964,0.41915,1123.770,0.419147,2759.787,0.41915,4161.002,0.41915,8034.530,0.41915,1662.621,0.41915,183.139,0.41915,2964.876,0.41915,5558.099,0.41915,4980.461,0.41915,2341.233,0.41915,3135.745,0.41915,2604.352,0.41915,346.729,0.41915,710.379,0.41915,273.600,0.41915,0.000,0.41915,4933.417,0.41915,7929.480,0.41915,2875.693,0.41915,183.956,0.41915,140.030,0.41915,561.162,0.41915,4234.678,0.41915,6323.033,0.41915,3507.700,0.41915,2136.872,0.41915,13.650,0.41915,2024.504,0.41915,1789.008,0.41915,1894.907,0.41915,8321.822,0.41915,4253.348,0.41915,3565.742,0.41915,5762.812,0.41915,4787.783,0.41915,971.028,0.41915,3701.915,0.41915,3226.477,0.419147,7959.511,0.41915,1595.765,0.419147,3751.871,0.41915,123.474,0.419147,2140.804,0.41915,16.626,0.419147,7290.116,0.41915,351.395
0.45139,146.030,0.45139,1669.686,0.45139,5008.871,0.45139,5250.867,0.45139,1543.567,0.451389,1159.917,0.45139,3208.969,0.451389,6398.885,0.45139,8417.302,0.451389,353.031,0.45139,1845.557,0.45139,197.699,0.45139,5282.900,0.45139,2680.249,0.451389,395.197,0.451389,40.904,0.451389,0.000,0.45139,3448.488,0.45139,561.467,0.451389,2444.520,0.45139,5815.677,0.451389,228.540,0.45139,35.055,0.451389,2087.381,0.45139,1275.441,0.45139,6300.516,0.45139,2473.199,0.45139,1295.636,0.45139,1305.185,0.451389,244.474,0.45139,2672.565,0.45139,8428.860,0.45139,1995.663,0.45139,4447.442,0.45139,788.079,0.45139,623.790,0.45139,3574.693,0.45139,883.221,0.45139,4371.223,0.451389,2395.377,0.451389,499.582,0.45139,815.344,0.451389,2053.879,0.45139,3486.920,0.45139,6701.355,0.45139,1352.194,0.45139,656.701,0.45139,2963.135,0.45139,4833.329,0.45139,4711.041,0.45139,1743.358,0.45139,3163.664,0.45139,1831.013,0.45139,624.854,0.45139,770.905,0.45139,134.996,0.45139,56.337,0.45139,5685.306,0.45139,5734.196,0.45139,2477.551,0.45139,250.695,0.45139,242.037,0.45139,214.841,0.45139,3778.361,0.45139,5981.204,0.45139,2180.579,0.45139,1480.663,0.45139,0.000,0.45139,1536.485,0.45139,1486.647,0.45139,1088.552,0.45139,5438.922,0.45139,3662.724,0.45139,2652.513,0.45139,4370.986,0.45139,4308.276,0.45139,768.355,0.45139,2548.345,0.45139,2276.203,0.451389,7286.948,0.45139,1459.098,0.451389,3471.744,0.45139,37.607,0.451389,1467.494,0.45139,2.514,0.451389,7392.053,0.45139,764.222
0.48363,339.856,0.48363,933.492,0.48363,4501.628,0.48363,5159.490,0.48363,752.300,0.483631,531.108,0.48363,3177.286,0.483631,5805.736,0.48363,7941.801,0.483631,107.335,0.48363,1304.928,0.48363,207.613,0.48363,4404.967,0.48363,1886.734,0.483631,96.136,0.483631,99.868,0.483631,4.693,0.48363,3233.720,0.48363,725.333,0.483631,1548.499,0.48363,4818.311,0.483631,148.219,0.48363,29.418,0.483631,1618.823,0.48363,2117.401,0.48363,4706.766,0.48363,1881.566,0.48363,928.216,0.48363,960.279,0.483631,248.101,0.48363,2133.528,0.48363,7514.447,0.48363,1942.674,0.48363,3730.757,0.48363,444.412,0.48363,146.258,0.48363,2172.775,0.48363,900.908,0.48363,3110.772,0.483631,1815.687,0.483631,186.873,0.48363,726.733,0.483631,1289.780,0.48363,2938.232,0.48363,5348.396,0.48363,1122.475,0.48363,1064.139,0.48363,2790.795,0.48363,3973.047,0.48363,4337.659,0.48363,1449.236,0.48363,2911.573,0.48363,1283.435,0.48363,961.513,0.48363,962.308,0.48363,179.055,0.48363,504.453,0.48363,6306.540,0.48363,3378.173,0.48363,2137.397,0.48363,361.757,0.48363,530.603,0.48363,47.665,0.48363,3251.197,0.48363,5399.877,0.48363,1163.150,0.48363,948.552,0.48363,0.000,0.48363,1005.938,0.48363,1088.908,0.48363,536.936,0.48363,2999.513,0.48363,2753.645,0.48363,2355.077,0.48363,3402.684,0.48363,3769.776,0.48363,451.422,0.48363,1565.833,0.48363,1318.810,0.483631,6326.970,0.48363,1696.973,0.483631,3000.212,0.48363,17.368,0.483631,917.153,0.48363,0.000,0.483631,7013.743,0.48363,1020.909
0.51587,436.826,0.51587,396.816,0.51587,3778.456,0.51587,4956.126,0.51587,532.167,0.515873,210.749,0.51587,2977.462,0.515873,5377.181,0.51587,6616.679,0.515873,7.350,0.51587,816.767,0.51587,204.086,0.51587,3737.067,0.51587,1283.160,0.515873,48.508,0.515873,374.038,0.515873,155.462,0.51587,2907.015,0.51587,822.633,0.515873,911.934,0.51587,3160.423,0.515873,108.794,0.51587,168.550,0.515873,1120.948,0.51587,3006.952,0.51587,3512.745,0.51587,1411.216,0.51587,904.325,0.51587,657.537,0.515873,484.003,0.51587,1485.484,0.51587,6812.483,0.51587,1878.612,0.51587,3176.468,0.51587,253.554,0.51587,4.136,0.51587,1440.254,0.51587,1161.070,0.51587,1598.438,0.515873,1242.781,0.515873,101.666,0.51587,911.971,0.515873,642.732,0.51587,2626.799,0.51587,3766.237,0.51587,1025.174,0.51587,1189.901,0.51587,2549.487,0.51587,3316.471,0.51587,3877.880,0.51587,1597.110,0.51587,2627.392,0.51587,910.456,0.51587,1206.883,0.51587,1116.095,0.51587,399.706,0.51587,1935.250,0.51587,7047.128,0.51587,1433.929,0.51587,1876.481,0.51587,409.036,0.51587,806.194,0.51587,4.471,0.51587,2848.705,0.51587,4598.493,0.51587,729.208,0.51587,596.115,0.51587,14.831,0.51587,572.781,0.51587,703.785,0.51587,263.477,0.51587,1730.491,0.51587,1952.745,0.51587,2661.270,0.51587,2911.664,0.51587,3183.151,0.51587,170.292,0.51587,865.140,0.51587,755.638,0.515873,5433.122,0.51587,2199.531,0.515873,2516.782,0.51587,0.000,0.515873,456.968,0.51587,0.000,0.515873,6078.054,0.51587,987.360
0.54812,359.249,0.54812,61.694,0.54812,2733.797,0.54812,4524.151,0.54812,850.000,0.548115,112.663,0.54812,2811.561,0.548115,5012.150,0.54812,4677.949,0.548115,92.542,0.54812,471.583,0.54812,184.067,0.54812,2997.900,0.54812,898.711,0.548115,132.829,0.548115,944.258,0.548115,911.690,0.54812,2578.513,0.54812,721.433,0.548115,480.585,0.54812,1594.749,0.548115,153.781,0.54812,668.163,0.548115,741.485,0.54812,3588.262,0.54812,2846.834,0.54812,1051.119,0.54812,1085.299,0.54812,398.713,0.548115,1024.772,0.54812,944.453,0.54812,6277.024,0.54812,1749.090,0.54812,2846.706,0.54812,122.321,0.54812,0.000,0.54812,1346.879,0.54812,1640.213,0.54812,603.122,0.548115,779.406,0.548115,147.708,0.54812,1204.389,0.548115,354.085,0.54812,2422.856,0.54812,2123.429,0.54812,968.380,0.54812,1136.348,0.54812,2142.650,0.54812,3074.287,0.54812,3290.692,0.54812,2153.264,0.54812,2455.638,0.54812,578.693,0.54812,1380.335,0.54812,1163.135,0.54812,799.727,0.54812,3847.561,0.54812,7957.529,0.54812,322.977,0.54812,1666.586,0.54812,394.480,0.54812,915.196,0.54812,77.837,0.54812,2349.416,0.54812,3602.160,0.54812,610.021,0.54812,343.659,0.54812,99.965,0.54812,415.155,0.54812,400.363,0.54812,144.961,0.54812,1414.932,0.54812,1419.818,0.54812,3292.933,0.54812,2508.388,0.54812,2660.160,0.54812,42.418,0.54812,432.983,0.54812,603.728,0.548115,4556.139,0.54812,2674.881,0.548115,2170.738,0.54812,0.120,0.548115,112.377,0.54812,0.000,0.548115,4614.268,0.54812,759.502
0.58036,224.688,0.58036,213.378,0.58036,1953.193,0.58036,4052.986,0.58036,2016.867,0.580357,86.086,0.58036,2785.001,0.580357,4406.146,0.58036,3007.594,0.580357,590.356,0.58036,264.446,0.58036,285.359,0.58036,2036.267,0.58036,586.019,0.580357,564.654,0.580357,1496.588,0.580357,2019.050,0.58036,2202.789,0.58036,416.700,0.580357,261.943,0.58036,555.117,0.580357,295.844,0.58036,1371.940,0.580357,825.255,0.58036,3913.786,0.58036,2590.941,0.58036,753.231,0.58036,1273.124,0.58036,233.878,0.580357,1866.429,0.58036,547.280,0.58036,5838.926,0.58036,1485.419,0.58036,2846.873,0.58036,33.359,0.58036,2.208,0.58036,1457.643,0.58036,2198.972,0.58036,187.593,0.580357,592.290,0.580357,356.398,0.58036,1414.242,0.580357,340.327,0.58036,2093.951,0.58036,935.086,0.58036,835.657,0.58036,1010.468,0.58036,1514.422,0.58036,3106.197,0.58036,2672.425,0.58036,2902.082,0.58036,2275.823,0.58036,327.797,0.58036,1423.630,0.58036,1052.492,0.58036,1422.599,0.58036,5479.433,0.58036,8434.065,0.58036,18.160,0.58036,1580.917,0.58036,449.801,0.58036,946.781,0.58036,530.591,0.58036,1685.289,0.58036,2613.631,0.58036,677.084,0.58036,147.338,0.58036,231.527,0.58036,223.832,0.58036,226.229,0.58036,49.822,0.58036,1457.223,0.58036,1144.418,0.58036,3664.698,0.58036,1976.440,0.58036,2175.126,0.58036,5.352,0.58036,159.959,0.58036,636.952,0.580357,3402.789,0.58036,2895.284,0.580357,1856.566,0.58036,23.876,0.580357,47.014,0.58036,48.161,0.580357,2694.175,0.58036,445.366
0.61260,171.089,0.61260,1086.508,0.61260,1932.398,0.61260,3660.029,0.61260,3419.183,0.612599,90.396,0.61260,2647.980,0.612599,3547.461,0.61260,1888.265,0.612599,1545.922,0.61260,235.403,0.61260,419.826,0.61260,1195.400,0.61260,326.824,0.612599,1289.893,0.612599,1758.066,0.612599,2921.920,0.61260,1780.630,0.61260,170.467,0.612599,166.553,0.61260,169.149,0.612599,828.246,0.61260,1759.410,0.612599,1357.629,0.61260,4037.181,0.61260,2331.101,0.61260,491.342,0.61260,1348.489,0.61260,213.182,0.612599,2826.416,0.61260,280.158,0.61260,5511.682,0.61260,1114.159,0.61260,2964.014,0.61260,33.654,0.61260,52.363,0.61260,1561.527,0.61260,2630.803,0.61260,326.340,0.612599,815.273,0.612599,621.080,0.61260,1500.220,0.612599,379.631,0.61260,1697.189,0.61260,379.894,0.61260,592.490,0.61260,807.944,0.61260,773.273,0.61260,3146.432,0.61260,2070.100,0.61260,3447.242,0.61260,2017.759,0.61260,243.679,0.61260,1256.555,0.61260,784.213,0.61260,2016.106,0.61260,6364.036,0.61260,7812.069,0.61260,164.985,0.61260,1711.315,0.61260,550.363,0.61260,1036.369,0.61260,1724.227,0.61260,1044.904,0.61260,1935.588,0.61260,783.077,0.61260,83.566,0.61260,409.622,0.61260,29.256,0.61260,129.541,0.61260,2.391,0.61260,1261.443,0.61260,934.428,0.61260,3634.817,0.61260,1634.535,0.61260,1584.144,0.61260,0.000,0.61260,165.189,0.61260,550.844,0.612599,2012.558,0.61260,2888.750,0.612599,1477.220,0.61260,73.433,0.612599,364.233,0.61260,306.725,0.612599,1017.540,0.61260,133.085
0.64484,227.504,0.64484,2410.645,0.64484,2628.223,0.64484,3194.696,0.64484,4440.817,0.644841,61.857,0.64484,2235.234,0.644841,2831.446,0.64484,1110.716,0.644841,2725.735,0.64484,515.511,0.64484,552.907,0.64484,752.967,0.64484,276.723,0.644841,2293.558,0.644841,1529.332,0.644841,3832.547,0.64484,1432.717,0.64484,11.567,0.644841,552.193,0.64484,60.975,0.644841,1852.426,0.64484,1634.168,0.644841,2388.072,0.64484,3837.908,0.64484,1792.379,0.64484,245.926,0.64484,1314.899,0.64484,238.353,0.644841,3612.060,0.64484,124.391,0.64484,5159.607,0.64484,804.439,0.64484,2882.617,0.64484,74.866,0.64484,257.562,0.64484,1545.340,0.64484,2810.367,0.64484,1041.970,0.644841,1287.727,0.644841,815.960,0.64484,1524.285,0.644841,360.277,0.64484,1363.707,0.64484,275.489,0.64484,436.274,0.64484,454.996,0.64484,227.511,0.64484,3072.775,0.64484,1584.356,0.64484,3641.927,0.64484,1669.369,0.64484,197.513,0.64484,946.752,0.64484,495.922,0.64484,2282.754,0.64484,6456.959,0.64484,6121.863,0.64484,1211.999,0.64484,1958.742,0.64484,544.887,0.64484,1161.730,0.64484,3671.813,0.64484,615.897,0.64484,1724.786,0.64484,790.375,0.64484,193.367,0.64484,753.773,0.64484,0.000,0.64484,53.809,0.64484,0.000,0.64484,639.874,0.64484,718.136,0.64484,3342.292,0.64484,1798.010,0.64484,858.190,0.64484,0.000,0.64484,530.384,0.64484,445.142,0.644841,878.369,0.64484,2853.444,0.644841,1045.619,0.64484,212.638,0.644841,1193.003,0.64484,997.036,0.644841,229.098,0.64484,8.848
0.67708,214.020,0.67708,3933.886,0.67708,3331.969,0.67708,2509.843,0.67708,4675.283,0.677083,156.398,0.67708,1700.916,0.677083,2607.935,0.67708,452.537,0.677083,3670.870,0.67708,1025.461,0.67708,676.377,0.67708,567.300,0.67708,304.528,0.677083,3971.282,0.677083,947.053,0.677083,5002.577,0.67708,1288.420,0.67708,0.000,0.677083,1788.562,0.67708,45.843,0.677083,3133.926,0.67708,1243.812,0.677083,3534.485,0.67708,3270.243,0.67708,1167.412,0.67708,86.443,0.67708,1210.772,0.67708,302.123,0.677083,3985.844,0.67708,61.493,0.67708,4673.539,0.67708,565.617,0.67708,2537.229,0.67708,172.342,0.67708,418.682,0.67708,1405.935,0.67708,2770.278,0.67708,1990.177,0.677083,1617.829,0.677083,984.830,0.67708,1549.214,0.677083,302.930,0.67708,1032.906,0.67708,183.914,0.67708,426.201,0.67708,126.400,0.67708,24.647,0.67708,2931.292,0.67708,1381.007,0.67708,3477.536,0.67708,1077.641,0.67708,133.304,0.67708,643.104,0.67708,228.729,0.67708,2112.998,0.67708,5903.066,0.67708,3983.195,0.67708,3521.762,0.67708,2163.901,0.67708,557.077,0.67708,1126.135,0.67708,6153.417,0.67708,315.376,0.67708,1930.706,0.67708,769.209,0.67708,335.901,0.67708,1404.048,0.67708,0.381,0.67708,181.932,0.67708,0.000,0.67708,103.127,0.67708,554.872,0.67708,2924.797,0.67708,2241.579,0.67708,234.701,0.67708,0.000,0.67708,703.741,0.67708,459.388,0.677083,309.261,0.67708,2839.130,0.677083,762.064,0.67708,522.902,0.677083,2344.087,0.67708,2042.551,0.677083,120.609,0.67708,0.182
0.70933,92.291,0.70933,5389.313,0.70933,3374.534,0.70933,1730.010,0.70933,4122.267,0.709325,407.151,0.70933,1267.479,0.709325,2764.491,0.70933,164.553,0.709325,4224.218,0.70933,1501.906,0.70933,814.752,0.70933,398.733,0.70933,357.407,0.709325,6093.549,0.709325,434.072,0.709325,6050.196,0.70933,1363.588,0.70933,0.000,0.709325,3616.301,0.70933,48.916,0.709325,4275.250,0.70933,953.219,0.709325,4397.377,0.70933,2663.365,0.70933,820.842,0.70933,27.223,0.70933,974.960,0.70933,432.289,0.709325,3867.067,0.70933,27.137,0.70933,4092.237,0.70933,243.928,0.70933,2130.096,0.70933,417.253,0.70933,694.267,0.70933,1251.312,0.70933,2621.875,0.70933,2792.021,0.709325,1596.853,0.709325,1264.273,0.70933,1856.133,0.709325,284.910,0.70933,666.757,0.70933,71.302,0.70933,393.157,0.70933,39.237,0.70933,0.000,0.70933,2796.062,0.70933,1496.931,0.70933,3165.198,0.70933,445.273,0.70933,95.172,0.70933,450.337,0.70933,55.879,0.70933,1672.532,0.70933,4848.728,0.70933,1772.485,0.70933,6008.784,0.70933,2165.344,0.70933,536.457,0.70933,888.607,0.70933,8314.391,0.70933,118.100,0.70933,2333.676,0.70933,778.991,0.70933,417.381,0.70933,2000.019,0.70933,20.792,0.70933,599.987,0.70933,0.000,0.70933,0.000,0.70933,394.019,0.70933,2436.728,0.70933,2424.961,0.70933,15.826,0.70933,0.000,0.70933,826.685,0.70933,543.551,0.709325,412.782,0.70933,2611.236,0.709325,721.000,0.70933,847.543,0.709325,3433.104,0.70933,3130.097,0.709325,454.799,0.70933,0.000
0.74157,68.631,0.74157,6446.171,0.74157,2931.725,0.74157,1064.120,0.74157,3136.033,0.741567,1238.195,0.74157,931.833,0.741567,2800.333,0.74157,155.224,0.741567,4223.080,0.74157,1893.658,0.74157,1204.251,0.74157,166.100,0.74157,484.169,0.741567,7720.724,0.741567,238.772,0.741567,6658.576,0.74157,1567.743,0.74157,0.000,0.741567,5420.202,0.74157,144.358,0.741567,5209.926,0.74157,779.191,0.741567,4759.481,0.74157,2258.354,0.74157,774.702,0.74157,18.177,0.74157,571.588,0.74157,570.589,0.741567,3387.371,0.74157,6.222,0.74157,3512.276,0.74157,36.115,0.74157,1866.249,0.74157,711.017,0.74157,1094.727,0.74157,1210.006,0.74157,2404.628,0.74157,3410.472,0.741567,1339.042,0.741567,1658.201,0.74157,2312.589,0.741567,438.785,0.74157,346.954,0.74157,219.555,0.74157,224.378,0.74157,43.306,0.74157,9.997,0.74157,2676.579,0.74157,1882.430,0.74157,2932.799,0.74157,125.819,0.74157,69.750,0.74157,303.878,0.74157,1.032,0.74157,1251.957,0.74157,3454.181,0.74157,331.615,0.74157,7501.483,0.74157,2034.828,0.74157,462.017,0.74157,567.292,0.74157,9553.693,0.74157,23.687,0.74157,2840.664,0.74157,721.144,0.74157,467.618,0.74157,2412.947,0.74157,72.458,0.74157,1009.177,0.74157,5.015,0.74157,0.000,0.74157,263.095,0.74157,1864.394,0.74157,2289.502,0.74157,0.000,0.74157,0.000,0.74157,1154.490,0.74157,693.138,0.741567,1246.187,0.74157,2121.082,0.741567,1027.855,0.74157,1092.202,0.741567,4376.228,0.74157,4152.452,0.741567,1207.164,0.74157,0.000
0.77381,209.190,0.77381,6820.173,0.77381,2501.271,0.77381,550.667,0.77381,2304.800,0.773810,2639.631,0.77381,666.557,0.773810,2590.406,0.77381,424.455,0.773810,3659.236,0.77381,2367.498,0.77381,1974.885,0.77381,12.667,0.77381,723.735,0.773810,8111.806,0.773810,163.224,0.773810,6678.123,0.77381,1815.221,0.77381,7.833,0.773810,6520.512,0.77381,380.436,0.773810,5927.316,0.77381,642.037,0.773810,4468.186,0.77381,1932.139,0.77381,655.665,0.77381,143.791,0.77381,179.182,0.77381,775.172,0.773810,2685.093,0.77381,48.779,0.77381,2926.389,0.77381,9.164,0.77381,1528.564,0.77381,955.032,0.77381,1441.818,0.77381,1208.934,0.77381,2070.643,0.77381,3641.664,,,0.773810,1895.344,0.77381,2694.653,0.773810,631.733,0.77381,184.607,0.77381,732.160,0.77381,64.643,0.77381,112.190,0.77381,93.006,0.77381,2586.692,0.77381,2424.746,0.77381,2781.739,0.77381,56.116,0.77381,254.215,0.77381,170.546,0.77381,0.000,0.77381,942.647,0.77381,2076.741,0.77381,77.508,0.77381,7743.040,0.77381,1777.255,0.77381,483.463,0.77381,276.758,0.77381,9774.878,0.77381,0.431,0.77381,3487.410,0.77381,520.927,0.77381,507.637,0.77381,2673.730,0.77381,164.785,0.77381,1257.679,0.77381,292.147,0.77381,0.000,0.77381,161.750,0.77381,1296.929,0.77381,2163.126,0.77381,3.549,0.77381,62.738,0.77381,1550.711,0.77381,1027.840,0.773810,2328.446,0.77381,1558.498,0.773810,1457.625,0.77381,1310.136,0.773810,5210.684,0.77381,4868.714,0.773810,2342.309,0.77381,0.285
0.80605,504.732,0.80605,6646.045,0.80605,2327.985,0.80605,189.198,0.80605,1855.300,0.806052,4038.661,0.80605,522.433,0.806052,2254.807,0.80605,1184.544,0.806052,2708.738,0.80605,2919.417,0.80605,2939.623,0.80605,20.500,0.80605,988.642,0.806052,7438.254,,,0.806052,6397.864,0.80605,1954.657,0.80605,126.100,0.806052,6670.926,0.80605,866.604,0.806052,6206.849,0.80605,492.497,0.806052,3616.060,0.80605,1529.474,0.80605,290.783,0.80605,445.856,0.80605,23.236,0.80605,1072.559,0.806052,1939.369,0.80605,238.955,0.80605,2205.690,0.80605,54.099,0.80605,924.626,0.80605,1072.453,0.80605,1727.600,0.80605,1105.656,0.80605,1582.524,0.80605,3385.685,,,0.806052,1785.381,0.80605,2844.212,0.806052,463.869,0.80605,246.471,0.80605,1840.045,0.80605,38.084,0.80605,388.057,0.80605,224.911,0.80605,2515.969,0.80605,2848.222,0.80605,2562.221,0.80605,72.124,0.80605,532.731,0.80605,92.918,0.80605,0.000,0.80605,729.298,0.80605,1204.562,0.80605,746.665,0.80605,7241.208,0.80605,1488.770,0.80605,573.950,0.80605,130.617,0.80605,9174.016,0.80605,0.666,0.80605,4001.083,0.80605,236.116,0.80605,479.971,0.80605,2888.991,0.80605,234.542,0.80605,1441.027,0.80605,1326.816,0.80605,7.430,0.80605,61.109,0.80605,980.573,0.80605,2126.649,0.80605,3.298,0.80605,360.339,0.80605,1775.434,0.80605,1567.274,0.806052,2983.500,0.80605,1155.368,0.806052,1819.556,0.80605,1653.362,0.806052,5834.901,0.80605,5045.578,0.806052,3489.129,0.80605,38.534
0.83829,1087.623,0.83829,6371.523,0.83829,2269.681,0.83829,22.740,0.83829,1517.333,0.838294,4773.185,0.83829,441.945,0.838294,1912.267,0.83829,2250.597,0.838294,1997.075,0.83829,3246.430,0.83829,3754.190,0.83829,117.533,0.83829,1098.003,,,,,0.838294,6362.546,0.83829,1910.094,0.83829,286.133,0.838294,6182.764,0.83829,2216.728,0.838294,5883.392,0.83829,379.983,0.838294,2622.117,0.83829,1090.792,0.83829,57.508,0.83829,770.030,0.83829,3.015,0.83829,1308.091,0.838294,1393.568,0.83829,637.826,0.83829,1287.531,0.83829,205.604,0.83829,266.438,0.83829,1161.418,0.83829,1974.536,0.83829,808.233,0.83829,1053.758,0.83829,2859.414,,,0.838294,1419.187,0.83829,2631.712,0.838294,171.147,0.83829,529.622,0.83829,3612.624,0.83829,22.618,0.83829,707.901,0.83829,385.640,0.83829,2408.375,0.83829,3117.591,0.83829,2217.058,0.83829,387.518,0.83829,819.167,0.83829,188.971,0.83829,1.695,0.83829,499.123,0.83829,1126.764,0.83829,2533.721,0.83829,6525.661,0.83829,1158.181,0.83829,614.544,0.83829,87.145,0.83829,7853.186,0.83829,52.758,0.83829,4071.171,0.83829,76.338,0.83829,392.501,0.83829,3170.382,0.83829,280.187,0.83829,1589.645,0.83829,3427.790,0.83829,107.138,0.83829,15.224,0.83829,1017.936,0.83829,1869.624,0.83829,0.000,0.83829,906.963,0.83829,1837.073,0.83829,2416.429,0.838294,3061.412,0.83829,803.798,0.838294,2050.108,0.83829,2141.208,0.838294,5951.117,0.83829,4481.564,0.838294,4187.663,0.83829,164.501
0.87054,2122.543,0.87054,6206.636,0.87054,2131.853,0.87054,30.935,0.87054,1103.767,0.870536,4584.292,0.87054,433.095,0.870536,1532.814,0.87054,3345.918,,,0.87054,3119.072,0.87054,4187.001,0.87054,354.533,0.87054,1099.984,,,,,0.870536,6816.552,0.87054,1810.628,0.87054,444.133,0.870536,5516.157,0.87054,4036.360,0.870536,5141.303,0.87054,268.229,,,0.87054,745.083,0.87054,0.000,0.87054,997.782,0.87054,16.757,0.87054,1311.709,0.870536,1087.937,0.87054,1066.609,0.87054,507.691,0.87054,410.539,0.87054,9.931,0.87054,1299.824,0.87054,2263.769,0.87054,434.268,0.87054,702.189,0.87054,2238.550,,,0.870536,1057.755,0.87054,2234.972,0.870536,54.047,0.87054,964.624,0.87054,5291.948,0.87054,7.408,0.87054,860.101,0.87054,683.725,0.87054,2238.979,0.87054,3130.978,0.87054,1779.604,0.87054,985.390,0.87054,1125.112,0.87054,353.663,0.87054,7.635,0.87054,261.033,0.87054,1930.576,0.87054,5783.825,0.87054,5743.809,0.87054,727.484,0.87054,723.541,0.87054,73.603,0.87054,5837.510,0.87054,234.652,0.87054,3685.018,0.87054,7.181,0.87054,311.147,0.87054,3504.538,0.87054,289.637,0.87054,1963.254,0.87054,6286.301,0.87054,618.376,0.87054,0.000,0.87054,1164.924,0.87054,1274.607,0.87054,15.327,0.87054,1518.635,0.87054,1883.300,0.87054,3442.889,0.870536,2882.119,0.87054,317.225,0.870536,2162.461,0.87054,2663.602,0.870536,5498.959,0.87054,3449.781,0.870536,4297.718,0.87054,321.479
0.90278,3477.094,0.90278,5942.639,0.90278,1905.514,0.90278,203.214,0.90278,942.667,0.902778,3836.104,0.90278,515.560,0.902778,1175.610,0.90278,4134.728,,,0.90278,2667.640,0.90278,4253.061,0.90278,682.933,0.90278,1260.489,,,,,0.902778,7350.647,0.90278,1808.317,0.90278,642.500,0.902778,4840.362,0.90278,5317.387,0.902778,4178.767,0.90278,217.449,,,0.90278,568.911,0.90278,11.144,0.90278,1114.413,0.90278,41.573,0.90278,1011.439,0.902778,955.539,0.90278,1483.472,0.90278,140.948,0.90278,678.618,0.90278,1.184,0.90278,1430.766,0.90278,2494.966,0.90278,364.130,0.90278,547.464,0.90278,1732.707,,,0.902778,845.968,0.90278,1748.708,0.902778,15.500,0.90278,1380.671,0.90278,6148.906,0.90278,0.803,0.90278,988.002,0.90278,1112.122,0.90278,2025.765,0.90278,2846.806,0.90278,1425.952,0.90278,1640.095,0.90278,1434.501,0.90278,488.690,0.90278,96.137,0.90278,91.570,0.90278,3601.775,0.90278,8690.886,0.90278,4912.564,0.90278,238.152,0.90278,1143.578,0.90278,56.519,0.90278,3485.311,0.90278,527.068,0.90278,3104.487,0.90278,0.000,0.90278,218.138,0.90278,3789.394,0.90278,421.185,0.90278,2463.147,0.90278,9133.914,0.90278,1411.447,0.90278,0.000,0.90278,1094.206,0.90278,599.635,0.90278,448.601,0.90278,2176.932,0.90278,1916.206,0.90278,4260.145,0.902778,2696.621,0.90278,25.764,0.902778,2025.027,0.90278,3151.273,0.902778,4599.680,0.90278,2508.323,0.902778,3984.120,0.90278,468.440
0.93502,4846.043,0.93502,5577.068,0.93502,1620.443,0.93502,355.767,0.93502,1024.133,0.935020,3062.100,0.93502,732.010,0.935020,902.751,0.93502,4458.873,,,0.93502,2306.894,0.93502,4007.362,0.93502,1040.400,0.93502,1837.777,,,,,0.935020,7546.423,0.93502,1884.617,0.93502,1121.833,0.935020,4016.289,0.93502,5877.361,0.935020,3171.250,0.93502,175.616,,,0.93502,445.407,0.93502,119.447,0.93502,1172.271,0.93502,157.213,0.93502,600.318,0.935020,864.979,0.93502,1784.204,0.93502,13.912,0.93502,979.279,0.93502,41.092,0.93502,1421.729,0.93502,2664.772,0.93502,425.107,0.93502,426.578,0.93502,1386.143,,,0.935020,709.985,0.93502,1121.554,,,0.93502,1720.066,0.93502,5970.113,0.93502,8.031,0.93502,1138.726,0.93502,1630.697,0.93502,1746.214,0.93502,2436.631,0.93502,1101.969,0.93502,2079.487,0.93502,1717.242,0.93502,529.131,0.93502,212.637,0.93502,40.174,0.93502,5155.489,0.93502,10487.713,0.93502,4301.114,0.93502,13.258,0.93502,1596.187,0.93502,51.232,0.93502,1651.593,0.93502,1334.896,0.93502,2588.387,0.93502,0.000,0.93502,109.119,0.93502,3973.991,0.93502,627.214,0.93502,3193.610,0.93502,11286.535,0.93502,2012.156,0.93502,0.000,0.93502,763.357,0.93502,149.739,0.93502,1304.104,0.93502,2966.755,0.93502,1863.471,0.93502,4821.989,0.935020,2512.550,0.93502,0.000,0.935020,1738.172,0.93502,3620.354,0.935020,3538.931,0.93502,2018.312,0.935020,3441.593,0.93502,608.009
0.96726,5756.851,0.96726,5389.178,0.96726,1365.326,0.96726,798.320,0.96726,1176.367,0.967262,2514.919,0.96726,1079.677,,,0.96726,4137.305,,,0.96726,2199.757,0.96726,3521.649,0.96726,1548.133,0.96726,2607.083,,,,,,,0.96726,1941.684,0.96726,1921.983,,,0.96726,5826.354,,,0.96726,188.478,,,0.96726,265.367,0.96726,442.864,0.96726,1198.238,0.96726,537.518,0.96726,371.739,0.967262,756.546,0.96726,1814.993,0.96726,0.174,0.96726,1275.679,0.96726,255.001,0.96726,1345.723,0.96726,3113.536,0.96726,362.046,0.96726,260.929,0.96726,1182.958,,,0.967262,544.804,0.96726,567.886,,,0.96726,1958.627,0.96726,4970.070,0.96726,110.446,0.96726,1425.064,0.96726,2017.774,0.96726,1318.903,0.96726,2072.939,0.96726,645.512,0.96726,2288.259,0.96726,1943.766,0.96726,498.089,0.96726,395.810,0.96726,72.353,0.96726,5967.297,0.96726,10953.382,0.96726,4238.950,0.96726,0.000,0.96726,1969.307,0.96726,100.261,0.96726,728.072,0.96726,2919.328,0.96726,2232.933,0.96726,0.282,0.96726,43.409,0.96726,4076.837,0.96726,811.761,0.96726,4150.661,0.96726,12633.946,0.96726,2315.969,0.96726,4.171,0.96726,435.911,0.96726,17.500,0.96726,2085.923,0.96726,3808.000,0.96726,1711.767,0.96726,5326.915,0.967262,2221.253,0.96726,0.000,0.967262,1388.980,0.96726,3982.579,0.967262,2491.776,0.96726,1743.529,0.967262,2958.498,0.96726,784.805
0.99950,5887.781,0.99950,5483.589,0.99950,1192.122,0.99950,1614.691,0.99950,1235.433,0.999504,2134.725,0.99950,1511.369,,,0.99950,3342.950,,,0.99950,2149.085,0.99950,2937.640,0.99950,1862.000,0.99950,3103.888,,,,,,,0.99950,1781.096,0.99950,3122.333,,,0.99950,5370.639,,,0.99950,242.911,,,0.99950,64.339,0.99950,856.675,0.99950,1160.120,0.99950,1000.014,0.99950,388.308,,,0.99950,1667.531,0.99950,3.181,0.99950,1643.692,0.99950,666.176,0.99950,1411.911,0.99950,4142.581,0.99950,227.649,0.99950,140.922,0.99950,1254.250,,,,,0.99950,316.189,,,0.99950,2022.970,0.99950,3668.380,0.99950,429.500,0.99950,1912.697,0.99950,2222.431,0.99950,760.458,0.99950,1874.026,0.99950,178.348,0.99950,2436.418,0.99950,2069.627,0.99950,517.709,0.99950,947.639,0.99950,233.619,0.99950,5947.909,0.99950,10107.497,0.99950,4813.365,0.99950,0.000,0.99950,2336.316,0.99950,219.831,0.99950,463.130,0.99950,4878.484,0.99950,1950.621,0.99950,29.928,0.99950,32.097,0.99950,4236.346,0.99950,1033.223,0.99950,5093.455,0.99950,13413.597,0.99950,2491.076,0.99950,73.486,0.99950,172.773,0.99950,0.088,0.99950,2588.625,0.99950,4650.232,0.99950,1538.441,0.99950,5896.346,0.999504,1870.953,0.99950,22.592,0.999504,1163.943,0.99950,4075.887,0.999504,1609.955,0.99950,1429.161,,,0.99950,980.715
1.03175,5211.324,1.03175,5575.795,1.03175,1028.800,1.03175,2365.065,1.03175,1178.983,,,1.03175,1903.997,,,1.03175,2561.239,,,1.03175,1932.447,1.03175,2454.752,1.03175,1798.100,1.03175,3013.337,,,,,,,1.03175,1378.551,1.03175,4623.983,,,1.03175,4284.732,,,1.03175,286.101,,,1.03175,3.630,1.03175,1272.344,1.03175,1030.286,1.03175,1402.533,1.03175,700.822,,,1.03175,1618.238,1.03175,7.340,1.03175,2144.531,1.03175,1124.410,1.03175,1746.104,1.03175,5486.357,1.03175,143.646,1.03175,253.611,1.03175,1305.431,,,,,1.03175,193.512,,,1.03175,1920.033,1.03175,2559.869,1.03175,826.450,1.03175,2415.370,1.03175,2314.910,1.03175,290.497,1.03175,1724.054,1.03175,5.455,1.03175,2530.490,1.03175,2021.338,1.03175,633.120,1.03175,1987.564,1.03175,668.893,1.03175,5355.996,1.03175,8299.053,1.03175,5740.039,1.03175,4.813,1.03175,2564.342,1.03175,446.886,1.03175,829.294,1.03175,6603.823,1.03175,1655.795,1.03175,166.534,1.03175,22.393,1.03175,4561.963,1.03175,1266.668,1.03175,5542.732,1.03175,13936.622,1.03175,2526.192,1.03175,260.778,1.03175,25.549,1.03175,142.868,1.03175,2872.808,1.03175,5259.664,1.03175,1436.423,1.03175,6302.786,1.031746,1596.113,1.03175,157.338,1.031746,932.685,1.03175,3873.251,1.031746,1098.854,1.03175,1067.646,,,1.03175,1143.310
1.06399,4061.022,1.06399,5290.757,1.06399,745.151,1.06399,2877.999,1.06399,1301.383,,,1.06399,2267.148,,,1.06399,2144.732,,,1.06399,1646.177,1.06399,2136.190,1.06399,1490.467,1.06399,2420.934,,,,,,,1.06399,943.862,1.06399,6020.917,,,1.06399,2934.946,,,1.06399,307.974,,,1.06399,0.420,1.06399,1570.579,1.06399,824.153,1.06399,1783.521,1.06399,1483.865,,,1.06399,1724.237,1.06399,42.458,1.06399,2601.167,1.06399,1407.798,1.06399,2181.982,1.06399,6607.596,1.06399,316.577,1.06399,604.898,1.06399,1081.267,,,,,1.06399,373.800,,,1.06399,1761.622,1.06399,1913.092,1.06399,1164.086,1.06399,2884.682,1.06399,2266.524,1.06399,105.496,1.06399,1449.781,1.06399,0.000,1.06399,2418.873,1.06399,1738.676,1.06399,672.337,1.06399,3653.681,1.06399,1129.759,1.06399,4492.071,1.06399,6150.115,1.06399,6582.865,1.06399,50.549,1.06399,2607.565,1.06399,742.480,1.06399,2150.025,1.06399,7679.094,1.06399,1335.352,1.06399,389.889,1.06399,27.234,1.06399,4809.857,1.06399,1488.841,1.06399,5425.353,1.06399,14075.512,1.06399,2172.375,1.06399,460.705,1.06399,25.333,1.06399,774.843,1.06399,2938.011,1.06399,5285.701,1.06399,1432.228,1.06399,6097.446,,,1.06399,536.533,,,1.06399,3569.459,,,1.06399,749.836,,,1.06399,1432.755
1.09623,3036.907,1.09623,4547.631,1.09623,410.757,1.09623,3518.607,,,,,1.09623,2408.226,,,1.09623,2207.402,,,1.09623,1493.840,1.09623,1937.591,1.09623,1126.700,1.09623,1611.956,,,,,,,1.09623,611.576,1.09623,7166.083,,,1.09623,1733.753,,,1.09623,319.302,,,1.09623,20.226,1.09623,1727.711,1.09623,575.706,1.09623,2277.885,1.09623,2341.072,,,1.09623,1935.238,1.09623,235.759,1.09623,2774.552,1.09623,1637.332,1.09623,2539.099,1.09623,7316.884,1.09623,798.867,1.09623,971.857,1.09623,860.360,,,,,1.09623,994.667,,,1.09623,1572.018,,,1.09623,1341.084,1.09623,3642.087,1.09623,2192.656,1.09623,73.149,1.09623,1037.979,1.09623,0.000,1.09623,2118.487,1.09623,1262.001,1.09623,622.015,1.09623,5907.427,1.09623,1412.508,1.09623,3698.818,1.09623,4337.121,1.09623,7221.778,1.09623,313.464,1.09623,2617.096,1.09623,1032.556,1.09623,3669.774,1.09623,8028.297,1.09623,1026.140,1.09623,604.563,1.09623,76.152,1.09623,4601.515,1.09623,1641.473,1.09623,5205.911,,,1.09623,1448.050,1.09623,831.036,1.09623,113.157,1.09623,1672.304,1.09623,2705.265,1.09623,4640.138,1.09623,1438.344,1.09623,5134.765,,,1.09623,1165.239,,,1.09623,3344.795,,,1.09623,523.434,,,1.09623,2078.227
1.12847,2521.450,1.12847,3394.708,1.12847,190.629,1.12847,4647.768,,,,,,,,,1.12847,2425.190,,,,,,,1.12847,768.600,,,,,,,,,1.12847,461.095,1.12847,8082.317,,,1.12847,1097.382,,,1.12847,455.386,,,1.12847,218.817,1.12847,1853.455,1.12847,318.492,1.12847,2954.037,1.12847,2820.837,,,1.12847,2373.348,1.12847,995.100,1.12847,2557.935,1.12847,1943.178,1.12847,2786.316,1.12847,7768.015,1.12847,1316.575,1.12847,1050.308,1.12847,905.080,,,,,1.12847,1667.052,,,1.12847,1212.734,,,1.12847,1494.761,1.12847,4570.732,1.12847,2450.505,1.12847,169.433,1.12847,644.665,1.12847,16.721,1.12847,1977.511,1.12847,800.544,1.12847,603.187,1.12847,8272.705,1.12847,1505.836,1.12847,3311.226,1.12847,2925.988,1.12847,7675.780,1.12847,718.140,1.12847,2859.408,1.12847,1313.838,1.12847,4643.511,1.12847,7637.211,1.12847,786.177,1.12847,794.074,1.12847,127.456,1.12847,3819.484,1.12847,1682.565,1.12847,5332.951,,,1.12847,725.270,1.12847,1452.855,1.12847,362.250,1.12847,2410.935,1.12847,2126.998,1.12847,3580.939,1.12847,1349.942,1.12847,3824.524,,,1.12847,1762.433,,,1.12847,3189.621,,,,,,,1.12847,3097.776
1.16071,2510.717,1.16071,2391.453,,,1.16071,5967.410,,,,,,,,,,,,,,,,,,,,,,,,,,,1.16071,498.864,1.16071,8726.467,,,1.16071,815.350,,,1.16071,609.654,,,1.16071,738.665,1.16071,1926.181,,,1.16071,3732.233,1.16071,2896.255,,,1.16071,3100.241,1.16071,2137.331,1.16071,2108.883,1.16071,2280.250,1.16071,3068.022,1.16071,7988.149,1.16071,1698.245,1.16071,961.174,,,,,,,1.16071,2265.925,,,1.16071,742.316,,,1.16071,1636.280,1.16071,5410.100,1.16071,3176.602,1.16071,495.332,1.16071,460.325,1.16071,219.174,1.16071,2190.923,1.16071,577.526,1.16071,605.021,1.16071,10143.245,1.16071,1576.218,1.16071,3457.643,1.16071,1757.875,1.16071,7845.852,1.16071,953.890,1.16071,3253.896,1.16071,1621.662,1.16071,4853.215,1.16071,6688.295,1.16071,646.518,1.16071,951.345,1.16071,127.763,1.16071,2854.717,1.16071,1646.545,1.16071,5697.679,,,1.16071,333.180,1.16071,2359.705,1.16071,770.937,1.16071,2904.698,1.16071,1313.715,1.16071,2419.216,1.16071,1170.383,1.16071,2790.117,,,1.16071,2085.397,,,1.16071,2984.504,,,,,,,1.16071,4322.896
1.19296,2649.458,1.19296,1915.913,,,1.19296,6660.038,,,,,,,,,,,,,,,,,,,,,,,,,,,1.19296,633.928,1.19296,9074.283,,,1.19296,695.959,,,1.19296,656.244,,,1.19296,1310.838,1.19296,1767.688,,,1.19296,4449.128,1.19296,2688.759,,,1.19296,3880.014,1.19296,3171.436,1.19296,1575.675,1.19296,2379.390,1.19296,3351.004,1.19296,7899.849,1.19296,2021.417,1.19296,986.783,,,,,,,1.19296,2747.971,,,1.19296,411.299,,,1.19296,1750.733,1.19296,5911.878,1.19296,4102.607,1.19296,959.117,1.19296,361.243,1.19296,677.067,1.19296,2675.165,1.19296,422.644,1.19296,542.884,1.19296,11095.090,1.19296,1698.381,1.19296,3995.021,1.19296,824.126,1.19296,7596.979,1.19296,1122.545,1.19296,3750.777,1.19296,1864.731,1.19296,4489.526,1.19296,5313.851,1.19296,591.346,1.19296,1033.764,1.19296,147.412,1.19296,2147.841,1.19296,1501.935,1.19296,5813.013,,,1.19296,192.813,1.19296,3528.012,1.19296,1126.290,1.19296,3136.075,1.19296,496.124,1.19296,1459.565,1.19296,1083.577,1.19296,2210.652,,,1.19296,2269.807,,,1.19296,2684.302,,,,,,,1.19296,5516.446
1.22520,2584.448,1.22520,1885.946,,,1.22520,6278.109,,,,,,,,,,,,,,,,,,,,,,,,,,,1.22520,741.810,1.22520,9331.467,,,1.22520,573.087,,,1.22520,643.078,,,1.22520,1907.960,1.22520,1340.616,,,1.22520,5041.373,1.22520,2468.729,,,1.22520,4388.799,1.22520,3934.143,1.22520,1072.608,1.22520,2153.615,1.22520,3497.924,1.22520,7544.197,1.22520,2429.701,1.22520,1140.686,,,,,,,1.22520,3008.659,,,1.22520,324.910,,,1.22520,1907.722,1.22520,5960.693,1.22520,4862.881,1.22520,1398.570,1.22520,368.982,1.22520,1345.136,1.22520,3712.259,1.22520,226.004,1.22520,584.716,1.22520,11211.656,1.22520,1845.471,1.22520,4703.375,,,1.22520,6934.352,1.22520,1402.294,1.22520,4279.134,1.22520,2010.122,1.22520,3871.979,1.22520,4041.533,1.22520,534.631,1.22520,982.777,,,1.22520,1720.171,1.22520,1342.771,1.22520,5711.044,,,1.22520,104.828,1.22520,4932.935,1.22520,1431.365,1.22520,3148.707,1.22520,52.826,1.22520,1031.237,1.22520,1212.122,1.22520,1882.759,,,1.22520,2594.084,,,1.22520,2381.095,,,,,,,1.22520,6399.121
1.25744,2518.047,,,,,1.25744,5154.295,,,,,,,,,,,,,,,,,,,,,,,,,,,1.25744,865.818,1.25744,9468.066,,,1.25744,465.268,,,1.25744,694.650,,,1.25744,2527.182,1.25744,789.978,,,1.25744,5569.245,1.25744,2458.941,,,1.25744,4572.946,1.25744,4309.395,,,1.25744,1835.503,1.25744,3514.916,1.25744,7039.246,1.25744,2838.017,1.25744,1246.765,,,,,,,1.25744,3070.339,,,1.25744,396.626,,,1.25744,2094.961,1.25744,5888.977,1.25744,5557.229,1.25744,1751.724,1.25744,451.743,1.25744,1924.741,1.25744,5495.090,1.25744,94.132,1.25744,755.558,1.25744,10868.896,1.25744,1928.980,1.25744,5483.798,,,1.25744,6083.183,1.25744,1704.854,1.25744,4608.146,1.25744,2167.127,1.25744,3164.574,1.25744,3195.339,1.25744,479.760,1.25744,770.613,,,1.25744,1324.876,1.25744,1220.741,1.25744,5475.356,,,1.25744,79.208,1.25744,6390.819,1.25744,1812.068,1.25744,3094.395,1.25744,0.063,1.25744,936.786,,,1.25744,1595.949,,,1.25744,3017.829,,,1.25744,2129.895,,,,,,,1.25744,6940.167
1.28968,2463.708,,,,,1.28968,3930.783,,,,,,,,,,,,,,,,,,,,,,,,,,,1.28968,1067.630,,,,,1.28968,394.596,,,1.28968,893.974,,,1.28968,2868.996,1.28968,389.992,,,1.28968,6076.562,1.28968,2570.050,,,1.28968,4607.512,1.28968,4348.946,,,1.28968,1422.011,1.28968,3451.844,1.28968,6401.165,1.28968,3095.899,1.28968,1111.123,,,,,,,1.28968,3135.064,,,1.28968,561.904,,,1.28968,2104.371,1.28968,5624.909,1.28968,6547.624,1.28968,2067.057,1.28968,568.445,1.28968,2330.260,1.28968,7635.507,1.28968,44.735,1.28968,1068.428,1.28968,10223.736,1.28968,1955.949,1.28968,6295.389,,,1.28968,5204.914,1.28968,1879.586,1.28968,4531.381,1.28968,2554.530,1.28968,2643.958,,,,,1.28968,468.472,,,1.28968,945.312,,,1.28968,5093.887,,,,,1.28968,7683.104,1.28968,2135.893,1.28968,3180.740,1.28968,4.211,,,,,1.28968,1316.232,,,1.28968,3183.253,,,,,,,,,,,1.28968,7194.338
1.32192,2362.695,,,,,1.32192,3076.006,,,,,,,,,,,,,,,,,,,,,,,,,,,,,,,,,,,,,1.32192,1165.358,,,1.32192,2723.136,1.32192,251.558,,,1.32192,6347.338,1.32192,2595.501,,,1.32192,4709.707,1.32192,4320.332,,,1.32192,979.918,1.32192,3311.635,1.32192,5495.762,1.32192,3012.141,1.32192,1024.745,,,,,,,1.32192,3062.006,,,1.32192,815.361,,,1.32192,1671.656,1.32192,5367.801,1.32192,7683.863,1.32192,2406.818,1.32192,802.188,1.32192,2663.612,1.32192,9683.640,1.32192,42.890,1.32192,1503.447,1.32192,9424.738,1.32192,1987.053,1.32192,6952.062,,,1.32192,4375.898,1.32192,1886.282,1.32192,4266.584,1.32192,3175.019,1.32192,2490.844,,,,,1.32192,246.093,,,,,,,1.32192,4365.720,,,,,1.32192,8527.825,1.32192,2244.726,1.32192,3450.419,1.32192,48.964,,,,,,,,,1.32192,3010.884,,,,,,,,,,,1.32192,7102.554
1.35417,2252.554,,,,,1.35417,2565.760,,,,,,,,,,,,,,,,,,,,,,,,,,,,,,,,,,,,,1.35417,1407.540,,,1.35417,2365.593,1.35417,263.708,,,1.35417,6228.397,1.35417,2486.819,,,1.35417,4936.827,1.35417,4272.302,,,1.35417,603.986,1.35417,2983.836,1.35417,4191.205,1.35417,2477.303,1.35417,1218.214,,,,,,,1.35417,2707.943,,,1.35417,1044.213,,,1.35417,927.530,1.35417,5224.348,1.35417,8322.969,1.35417,2720.887,1.35417,1009.971,1.35417,2846.253,1.35417,11466.840,1.35417,32.400,1.35417,2057.825,1.35417,8660.898,1.35417,2148.179,1.35417,7134.198,,,1.35417,3615.021,1.35417,1899.640,1.35417,4131.638,1.35417,3885.891,1.35417,2705.289,,,,,1.35417,198.718,,,,,,,1.35417,3567.183,,,,,1.35417,8731.694,1.35417,2272.863,1.35417,3696.798,1.35417,183.826,,,,,,,,,1.35417,2684.899,,,,,,,,,,,1.35417,6511.759
1.38641,2344.335,,,,,1.38641,1927.472,,,,,,,,,,,,,,,,,,,,,,,,,,,,,,,,,,,,,1.38641,1621.172,,,1.38641,2362.589,1.38641,321.898,,,1.38641,5853.158,,,,,,,1.38641,3990.731,,,1.38641,358.058,1.38641,2510.023,,,1.38641,1636.003,1.38641,1633.701,,,,,,,1.38641,2143.948,,,1.38641,1274.465,,,1.38641,383.790,1.38641,5015.965,1.38641,8116.707,1.38641,2853.633,1.38641,1223.533,1.38641,2765.074,1.38641,12844.590,,,1.38641,2713.173,1.38641,7943.630,1.38641,2566.604,1.38641,6705.338,,,,,1.38641,1845.703,1.38641,3892.838,1.38641,4422.078,1.38641,3347.761,,,,,1.38641,379.047,,,,,,,1.38641,3015.368,,,,,1.38641,8281.618,1.38641,2525.204,1.38641,3619.728,1.38641,520.258,,,,,,,,,1.38641,2426.622,,,,,,,,,,,1.38641,5406.859
,,,,,,1.41865,1135.775,,,,,,,,,,,,,,,,,,,,,,,,,,,,,,,,,,,,,1.41865,1914.187,,,1.41865,2780.121,1.41865,469.920,,,1.41865,5511.157,,,,,,,1.41865,3413.158,,,1.41865,277.718,1.41865,2085.614,,,1.41865,810.698,1.41865,1942.883,,,,,,,,,,,1.41865,1561.877,,,1.41865,165.228,1.41865,4729.229,1.41865,7451.444,1.41865,2804.871,1.41865,1478.634,1.41865,2503.436,1.41865,13633.036,,,1.41865,3351.804,1.41865,7226.890,1.41865,3265.961,1.41865,5952.111,,,,,1.41865,1555.354,1.41865,3160.760,1.41865,4819.854,1.41865,4430.323,,,,,1.41865,832.516,,,,,,,1.41865,3065.373,,,,,1.41865,7175.447,1.41865,3099.364,1.41865,3093.191,1.41865,1346.148,,,,,,,,,1.41865,2250.268,,,,,,,,,,,1.41865,4122.961
,,,,,,1.45089,541.451,,,,,,,,,,,,,,,,,,,,,,,,,,,,,,,,,,,,,1.45089,2153.467,,,1.45089,3149.534,1.45089,977.371,,,1.45089,5218.134,,,,,,,1.45089,2603.893,,,,,1.45089,1956.821,,,1.45089,375.789,,,,,,,,,,,,,1.45089,1744.715,,,1.45089,147.854,,,1.45089,6862.513,1.45089,2803.689,1.45089,1707.957,1.45089,2355.736,1.45089,13475.589,,,1.45089,3914.288,1.45089,6352.231,1.45089,4157.201,1.45089,5357.536,,,,,1.45089,1043.617,1.45089,2178.316,1.45089,5100.569,1.45089,5374.557,,,,,1.45089,1749.870,,,,,,,,,,,,,1.45089,5633.422,1.45089,3574.592,1.45089,2236.030,1.45089,2671.572,,,,,,,,,1.45089,2019.824,,,,,,,,,,,1.45089,2965.919
,,,,,,1.48313,265.776,,,,,,,,,,,,,,,,,,,,,,,,,,,,,,,,,,,,,1.48313,2449.878,,,1.48313,3130.019,1.48313,2040.017,,,1.48313,4660.334,,,,,,,,,,,,,,,,,1.48313,283.081,,,,,,,,,,,,,,,,,,,,,1.48313,6364.392,1.48313,2986.984,1.48313,1894.905,1.48313,2432.956,1.48313,12297.146,,,1.48313,4346.119,1.48313,5293.637,1.48313,4995.359,1.48313,5035.285,,,,,1.48313,608.707,,,1.48313,5171.619,1.48313,5845.421,,,,,1.48313,3041.458,,,,,,,,,,,,,1.48313,4078.961,1.48313,3493.574,1.48313,1329.579,,,,,,,,,,,1.48313,1621.963,,,,,,,,,,,1.48313,1982.615
,,,,,,1.51538,118.173,,,,,,,,,,,,,,,,,,,,,,,,,,,,,,,,,,,,,1.51538,3216.692,,,1.51538,2672.739,1.51538,3185.820,,,1.51538,3685.629,,,,,,,,,,,,,,,,,1.51538,230.635,,,,,,,,,,,,,,,,,,,,,1.51538,5601.895,1.51538,3098.106,1.51538,2031.337,1.51538,2496.874,1.51538,10320.913,,,1.51538,4604.166,,,1.51538,5675.705,1.51538,4666.619,,,,,1.51538,440.381,,,1.51538,5014.152,1.51538,5906.053,,,,,1.51538,4327.461,,,,,,,,,,,,,,,1.51538,3003.149,,,,,,,,,,,,,1.51538,1164.010,,,,,,,,,,,1.51538,1075.650
,,,,,,1.54762,26.665,,,,,,,,,,,,,,,,,,,,,,,,,,,,,,,,,,,,,1.54762,4759.346,,,1.54762,2106.329,1.54762,3960.375,,,1.54762,2506.191,,,,,,,,,,,,,,,,,1.54762,175.165,,,,,,,,,,,,,,,,,,,,,,,1.54762,2780.151,1.54762,2144.031,1.54762,2345.822,1.54762,8238.278,,,1.54762,4743.247,,,1.54762,6213.573,1.54762,3965.401,,,,,1.54762,445.291,,,1.54762,4796.579,1.54762,5798.881,,,,,1.54762,5490.726,,,,,,,,,,,,,,,1.54762,2770.775,,,,,,,,,,,,,1.54762,769.605,,,,,,,,,,,1.54762,396.307
,,,,,,,,,,,,,,,,,,,,,,,,,,,,,,,,,,,,,,,,,,,,1.57986,6688.438,,,1.57986,1801.425,1.57986,4300.732,,,,,,,,,,,,,,,,,,,,,1.57986,190.100,,,,,,,,,,,,,,,,,,,,,,,1.57986,1956.832,1.57986,2249.213,,,1.57986,6761.971,,,1.57986,4752.187,,,1.57986,6745.752,,,,,,,1.57986,625.929,,,1.57986,4627.371,1.57986,5605.979,,,,,1.57986,6372.665,,,,,,,,,,,,,,,1.57986,2829.524,,,,,,,,,,,,,1.57986,468.500,,,,,,,,,,,,
,,,,,,,,,,,,,,,,,,,,,,,,,,,,,,,,,,,,,,,,,,,,1.61210,8353.287,,,1.61210,1812.531,1.61210,4335.045,,,,,,,,,,,,,,,,,,,,,1.61210,545.249,,,,,,,,,,,,,,,,,,,,,,,1.61210,1041.728,1.61210,2348.125,,,1.61210,6151.123,,,1.61210,4728.805,,,1.61210,7267.534,,,,,,,1.61210,894.587,,,1.61210,4531.829,,,,,,,1.61210,6823.386,,,,,,,,,,,,,,,,,,,,,,,,,,,,,1.61210,218.946,,,,,,,,,,,,
,,,,,,,,,,,,,,,,,,,,,,,,,,,,,,,,,,,,,,,,,,,,1.64435,9222.502,,,1.64435,1929.998,1.64435,4208.088,,,,,,,,,,,,,,,,,,,,,1.64435,1112.235,,,,,,,,,,,,,,,,,,,,,,,1.64435,413.034,1.64435,2404.817,,,1.64435,5805.463,,,1.64435,4669.893,,,1.64435,7580.825,,,,,,,1.64435,1297.134,,,1.64435,4319.628,,,,,,,,,,,,,,,,,,,,,,,,,,,,,,,,,,,,,1.64435,118.132,,,,,,,,,,,,
,,,,,,,,,,,,,,,,,,,,,,,,,,,,,,,,,,,,,,,,,,,,1.67659,9275.576,,,1.67659,2126.072,1.67659,4058.605,,,,,,,,,,,,,,,,,,,,,1.67659,1598.450,,,,,,,,,,,,,,,,,,,,,,,1.67659,244.558,1.67659,2316.858,,,1.67659,5220.674,,,1.67659,4550.262,,,1.67659,7462.146,,,,,,,1.67659,1773.752,,,1.67659,3872.348,,,,,,,,,,,,,,,,,,,,,,,,,,,,,,,,,,,,,1.67659,188.977,,,,,,,,,,,,
,,,,,,,,,,,,,,,,,,,,,,,,,,,,,,,,,,,,,,,,,,,,1.70883,8955.177,,,1.70883,2437.422,,,,,,,,,,,,,,,,,,,,,,,1.70883,1994.583,,,,,,,,,,,,,,,,,,,,,,,1.70883,222.451,1.70883,2092.474,,,1.70883,4136.469,,,1.70883,4305.669,,,1.70883,6866.063,,,,,,,1.70883,2260.817,,,,,,,,,,,,,,,,,,,,,,,,,,,,,,,,,,,,,,,,,1.70883,502.025,,,,,,,,,,,,
,,,,,,,,,,,,,,,,,,,,,,,,,,,,,,,,,,,,,,,,,,,,1.74107,8447.689,,,1.74107,2857.180,,,,,,,,,,,,,,,,,,,,,,,1.74107,2328.864,,,,,,,,,,,,,,,,,,,,,,,1.74107,211.621,1.74107,1708.166,,,,,,,,,,,1.74107,5974.057,,,,,,,1.74107,2658.343,,,,,,,,,,,,,,,,,,,,,,,,,,,,,,,,,,,,,,,,,1.74107,1116.968,,,,,,,,,,,,
,,,,,,,,,,,,,,,,,,,,,,,,,,,,,,,,,,,,,,,,,,,,1.77331,7799.851,,,1.77331,3378.651,,,,,,,,,,,,,,,,,,,,,,,1.77331,2565.396,,,,,,,,,,,,,,,,,,,,,,,1.77331,242.489,1.77331,1232.827,,,,,,,,,,,1.77331,5052.344,,,,,,,1.77331,2985.889,,,,,,,,,,,,,,,,,,,,,,,,,,,,,,,,,,,,,,,,,1.77331,1748.103,,,,,,,,,,,,
,,,,,,,,,,,,,,,,,,,,,,,,,,,,,,,,,,,,,,,,,,,,1.80556,6922.108,,,1.80556,3842.276,,,,,,,,,,,,,,,,,,,,,,,1.80556,2557.327,,,,,,,,,,,,,,,,,,,,,,,1.80556,431.683,1.80556,722.089,,,,,,,,,,,1.80556,4251.996,,,,,,,,,,,,,,,,,,,,,,,,,,,,,,,,,,,,,,,,,,,,,,,,,1.80556,2173.771,,,,,,,,,,,,
,,,,,,,,,,,,,,,,,,,,,,,,,,,,,,,,,,,,,,,,,,,,1.83780,5950.317,,,1.83780,4159.807,,,,,,,,,,,,,,,,,,,,,,,1.83780,2276.918,,,,,,,,,,,,,,,,,,,,,,,1.83780,974.526,1.83780,408.311,,,,,,,,,,,1.83780,3603.501,,,,,,,,,,,,,,,,,,,,,,,,,,,,,,,,,,,,,,,,,,,,,,,,,1.83780,2562.679,,,,,,,,,,,,
,,,,,,,,,,,,,,,,,,,,,,,,,,,,,,,,,,,,,,,,,,,,1.87004,5064.328,,,,,,,,,,,,,,,,,,,,,,,,,,,,,,,,,,,,,,,,,,,,,,,,,,,1.87004,1696.970,1.87004,491.413,,,,,,,,,,,1.87004,2933.291,,,,,,,,,,,,,,,,,,,,,,,,,,,,,,,,,,,,,,,,,,,,,,,,,1.87004,2992.656,,,,,,,,,,,,
,,,,,,,,,,,,,,,,,,,,,,,,,,,,,,,,,,,,,,,,,,,,1.90228,4447.086,,,,,,,,,,,,,,,,,,,,,,,,,,,,,,,,,,,,,,,,,,,,,,,,,,,1.90228,2361.881,1.90228,770.373,,,,,,,,,,,1.90228,2183.624,,,,,,,,,,,,,,,,,,,,,,,,,,,,,,,,,,,,,,,,,,,,,,,,,1.90228,3409.321,,,,,,,,,,,,
,,,,,,,,,,,,,,,,,,,,,,,,,,,,,,,,,,,,,,,,,,,,1.93452,4058.194,,,,,,,,,,,,,,,,,,,,,,,,,,,,,,,,,,,,,,,,,,,,,,,,,,,1.93452,2930.967,1.93452,964.944,,,,,,,,,,,1.93452,1423.603,,,,,,,,,,,,,,,,,,,,,,,,,,,,,,,,,,,,,,,,,,,,,,,,,1.93452,3716.056,,,,,,,,,,,,
,,,,,,,,,,,,,,,,,,,,,,,,,,,,,,,,,,,,,,,,,,,,,,,,,,,,,,,,,,,,,,,,,,,,,,,,,,,,,,,,,,,,,,,,,,,,,,,,1.96677,3314.228,1.96677,1161.063,,,,,,,,,,,1.96677,833.927,,,,,,,,,,,,,,,,,,,,,,,,,,,,,,,,,,,,,,,,,,,,,,,,,1.96677,3957.597,,,,,,,,,,,,
,,,,,,,,,,,,,,,,,,,,,,,,,,,,,,,,,,,,,,,,,,,,,,,,,,,,,,,,,,,,,,,,,,,,,,,,,,,,,,,,,,,,,,,,,,,,,,,,1.99901,3328.682,1.99901,1359.744,,,,,,,,,,,1.99901,442.168,,,,,,,,,,,,,,,,,,,,,,,,,,,,,,,,,,,,,,,,,,,,,,,,,1.99901,4199.819,,,,,,,,,,,,
,,,,,,,,,,,,,,,,,,,,,,,,,,,,,,,,,,,,,,,,,,,,,,,,,,,,,,,,,,,,,,,,,,,,,,,,,,,,,,,,,,,,,,,,,,,,,,,,2.03125,2988.137,2.03125,1579.637,,,,,,,,,,,2.03125,118.089,,,,,,,,,,,,,,,,,,,,,,,,,,,,,,,,,,,,,,,,,,,,,,,,,2.03125,4182.954,,,,,,,,,,,,
,,,,,,,,,,,,,,,,,,,,,,,,,,,,,,,,,,,,,,,,,,,,,,,,,,,,,,,,,,,,,,,,,,,,,,,,,,,,,,,,,,,,,,,,,,,,,,,,2.06349,2636.422,2.06349,1829.447,,,,,,,,,,,,,,,,,,,,,,,,,,,,,,,,,,,,,,,,,,,,,,,,,,,,,,,,,,,,,2.06349,3866.929,,,,,,,,,,,,
,,,,,,,,,,,,,,,,,,,,,,,,,,,,,,,,,,,,,,,,,,,,,,,,,,,,,,,,,,,,,,,,,,,,,,,,,,,,,,,,,,,,,,,,,,,,,,,,2.09573,2600.675,2.09573,2256.573,,,,,,,,,,,,,,,,,,,,,,,,,,,,,,,,,,,,,,,,,,,,,,,,,,,,,,,,,,,,,2.09573,3334.618,,,,,,,,,,,,
,,,,,,,,,,,,,,,,,,,,,,,,,,,,,,,,,,,,,,,,,,,,,,,,,,,,,,,,,,,,,,,,,,,,,,,,,,,,,,,,,,,,,,,,,,,,,,,,2.12798,2690.714,2.12798,2770.116,,,,,,,,,,,,,,,,,,,,,,,,,,,,,,,,,,,,,,,,,,,,,,,,,,,,,,,,,,,,,,,,,,,,,,,,,,
,,,,,,,,,,,,,,,,,,,,,,,,,,,,,,,,,,,,,,,,,,,,,,,,,,,,,,,,,,,,,,,,,,,,,,,,,,,,,,,,,,,,,,,,,,,,,,,,,,2.16022,3018.509,,,,,,,,,,,,,,,,,,,,,,,,,,,,,,,,,,,,,,,,,,,,,,,,,,,,,,,,,,,,,,,,,,,,,,,,,,
,,,,,,,,,,,,,,,,,,,,,,,,,,,,,,,,,,,,,,,,,,,,,,,,,,,,,,,,,,,,,,,,,,,,,,,,,,,,,,,,,,,,,,,,,,,,,,,,,,2.19246,2958.720,,,,,,,,,,,,,,,,,,,,,,,,,,,,,,,,,,,,,,,,,,,,,,,,,,,,,,,,,,,,,,,,,,,,,,,,,,
,,,,,,,,,,,,,,,,,,,,,,,,,,,,,,,,,,,,,,,,,,,,,,,,,,,,,,,,,,,,,,,,,,,,,,,,,,,,,,,,,,,,,,,,,,,,,,,,,,2.22470,2819.965,,,,,,,,,,,,,,,,,,,,,,,,,,,,,,,,,,,,,,,,,,,,,,,,,,,,,,,,,,,,,,,,,,,,,,,,,,
,,,,,,,,,,,,,,,,,,,,,,,,,,,,,,,,,,,,,,,,,,,,,,,,,,,,,,,,,,,,,,,,,,,,,,,,,,,,,,,,,,,,,,,,,,,,,,,,,,2.25694,2783.490,,,,,,,,,,,,,,,,,,,,,,,,,,,,,,,,,,,,,,,,,,,,,,,,,,,,,,,,,,,,,,,,,,,,,,,,,,
,,,,,,,,,,,,,,,,,,,,,,,,,,,,,,,,,,,,,,,,,,,,,,,,,,,,,,,,,,,,,,,,,,,,,,,,,,,,,,,,,,,,,,,,,,,,,,,,,,2.28919,2756.706,,,,,,,,,,,,,,,,,,,,,,,,,,,,,,,,,,,,,,,,,,,,,,,,,,,,,,,,,,,,,,,,,,,,,,,,,,
,,,,,,,,,,,,,,,,,,,,,,,,,,,,,,,,,,,,,,,,,,,,,,,,,,,,,,,,,,,,,,,,,,,,,,,,,,,,,,,,,,,,,,,,,,,,,,,,,,2.32143,2606.643,,,,,,,,,,,,,,,,,,,,,,,,,,,,,,,,,,,,,,,,,,,,,,,,,,,,,,,,,,,,,,,,,,,,,,,,,,
